start_time;end_time;duration_ms;direction_class;speedA;speedB;GPIO1;GPIO2;GPIO3;GPIO4
1751442722147;1751442722301;154;stop;0;50;0;0;0;0
1751442726480;1751442726589;109;stop;0;50;0;0;0;0
1751442732045;1751442732201;156;stop;50;0;0;0;0;0
1751442744028;1751442744155;127;stop;0;50;0;0;0;0
1751442751364;1751442751492;128;stop;50;50;0;0;0;0
1751442754996;1751442755184;188;stop;50;0;0;0;0;0
1751442755612;1751442755721;109;stop;50;0;0;0;0;0
1751442760590;1751442760751;161;stop;0;50;0;0;0;0
1751442760751;1751442760857;106;stop;50;50;0;0;0;0
1751442761238;1751442761393;155;stop;50;50;0;0;0;0
1751442761742;1751442761996;254;stop;50;50;0;0;0;0
1751442764867;1751442765064;197;stop;50;50;0;0;0;0
1751442771959;1751442772109;150;stop;50;50;0;0;0;0
1751442774327;1751442774530;203;stop;0;50;0;0;0;0
1751442777194;1751442777432;238;stop;50;50;0;0;0;0
1751442777782;1751442777898;116;stop;50;50;0;0;0;0
1751442780534;1751442780705;171;stop;50;50;0;0;0;0
1751442782451;1751442782560;109;stop;50;0;0;0;0;0
1751442785174;1751442785283;109;stop;0;50;0;0;0;0
1751442786514;1751442786751;237;stop;0;50;0;0;0;0
1751442789549;1751442789703;154;stop;50;50;0;0;0;0
1751442793103;1751442793214;111;stop;0;50;0;0;0;0
1751442795491;1751442795782;291;stop;0;50;0;0;0;0
1751442797217;1751442797427;210;stop;50;50;0;0;0;0
1751442800627;1751442800738;111;stop;0;50;0;0;0;0
1751442805546;1751442805786;240;stop;0;50;0;0;0;0
1751442807815;1751442807929;114;stop;50;50;0;0;0;0
1751442809844;1751442809956;112;stop;0;50;0;0;0;0
1751442810409;1751442810696;287;stop;0;50;0;0;0;0
1751442817991;1751442818257;266;stop;50;0;0;0;0;0
1751442819170;1751442819297;127;stop;50;0;0;0;0;0
1751442819911;1751442820050;139;stop;0;50;0;0;0;0
1751442820725;1751442820897;172;stop;50;50;0;0;0;0
1751442820897;1751442821163;266;stop;0;50;0;0;0;0
1751442824033;1751442824289;256;stop;0;50;0;0;0;0
1751442827715;1751442827826;111;stop;0;50;0;0;0;0
1751442836122;1751442836310;188;stop;50;50;0;0;0;0
1751442837281;1751442837509;228;stop;50;50;0;0;0;0
1751442837509;1751442837777;268;stop;0;50;0;0;0;0
1751442839428;1751442839650;222;stop;50;50;0;0;0;0
1751442840455;1751442840565;110;stop;0;50;0;0;0;0
1751442841239;1751442841418;179;stop;50;50;0;0;0;0
1751442841418;1751442841668;250;stop;0;50;0;0;0;0
1751442843907;1751442844042;135;stop;50;50;0;0;0;0
1751442844042;1751442844325;283;stop;0;50;0;0;0;0
1751442844848;1751442844974;126;stop;0;50;0;0;0;0
1751442844974;1751442845181;207;stop;50;50;0;0;0;0
1751442845181;1751442845420;239;stop;0;50;0;0;0;0
1751442845897;1751442846005;108;stop;0;50;0;0;0;0
1751442847007;1751442847302;295;stop;50;50;0;0;0;0
1751442847302;1751442847442;140;stop;0;50;0;0;0;0
1751442849005;1751442849143;138;stop;0;50;0;0;0;0
1751442850149;1751442850337;188;stop;50;50;0;0;0;0
1751442850337;1751442850558;221;stop;50;0;0;0;0;0
1751442851629;1751442851749;120;stop;50;0;0;0;0;0
1751442852532;1751442852628;96;stop;50;50;0;0;0;0
1751442852628;1751442852821;193;stop;0;50;0;0;0;0
1751442853933;1751442854045;112;stop;0;50;0;0;0;0
1751442854744;1751442854998;254;stop;0;50;0;0;0;0
1751442855256;1751442855366;110;stop;0;50;0;0;0;0
1751442856912;1751442857196;284;stop;0;50;0;0;0;0
1751442858874;1751442858993;119;stop;0;50;0;0;0;0
1751442860697;1751442860868;171;stop;50;50;0;0;0;0
1751442860868;1751442861056;188;stop;0;50;0;0;0;0
1751442862981;1751442863090;109;stop;0;50;0;0;0;0
1751442865557;1751442865749;192;stop;0;50;0;0;0;0
1751442867400;1751442867513;113;stop;0;50;0;0;0;0
1751442868887;1751442869117;230;stop;0;50;0;0;0;0
1751442871239;1751442871349;110;stop;0;50;0;0;0;0
1751442872808;1751442873061;253;stop;50;0;0;0;0;0
1751442874131;1751442874243;112;stop;50;0;0;0;0;0
1751442875293;1751442875427;134;stop;50;50;0;0;0;0
1751442875427;1751442875563;136;stop;0;50;0;0;0;0
1751442876967;1751442877082;115;stop;0;50;0;0;0;0
1751442877082;1751442877381;299;stop;50;50;0;0;0;0
1751442877381;1751442877533;152;stop;0;50;0;0;0;0
1751442881243;1751442881353;110;stop;0;50;0;0;0;0
1751442881888;1751442882050;162;stop;50;0;0;0;0;0
1751442882291;1751442882406;115;stop;50;0;0;0;0;0
1751442884263;1751442884465;202;stop;50;50;0;0;0;0
1751442884465;1751442884726;261;stop;0;50;0;0;0;0
1751442887929;1751442888106;177;stop;50;0;0;0;0;0
1751442889855;1751442890075;220;stop;0;50;0;0;0;0
1751442892217;1751442892422;205;stop;50;50;0;0;0;0
1751442892422;1751442892714;292;stop;0;50;0;0;0;0
1751442897301;1751442897429;128;stop;50;50;0;0;0;0
1751442899700;1751442899806;106;stop;0;50;0;0;0;0
1751442900290;1751442900495;205;stop;50;0;0;0;0;0
1751442901163;1751442901278;115;stop;50;0;0;0;0;0
1751442903367;1751442903567;200;stop;50;50;0;0;0;0
1751442904334;1751442904450;116;stop;0;50;0;0;0;0
1751442905637;1751442905747;110;stop;0;50;0;0;0;0
1751442911057;1751442911354;297;stop;0;50;0;0;0;0
1751442911710;1751442911820;110;stop;0;50;0;0;0;0
1751442914041;1751442914159;118;stop;0;50;0;0;0;0
1751442915281;1751442915467;186;stop;50;50;0;0;0;0
1751442915467;1751442915700;233;stop;0;50;0;0;0;0
1751442917464;1751442917572;108;stop;0;50;0;0;0;0
1751442918069;1751442918223;154;stop;50;0;0;0;0;0
1751442919671;1751442919768;97;stop;50;50;0;0;0;0
1751442920481;1751442920611;130;stop;0;50;0;0;0;0
1751442923338;1751442923609;271;stop;0;50;0;0;0;0
1751442923609;1751442923808;199;stop;50;50;0;0;0;0
1751442925601;1751442925898;297;stop;50;50;0;0;0;0
1751442925898;1751442926069;171;stop;0;50;0;0;0;0
1751442926691;1751442926807;116;stop;0;50;0;0;0;0
1751442931724;1751442931836;112;stop;0;50;0;0;0;0
1751442933412;1751442933688;276;stop;50;0;0;0;0;0
1751442934900;1751442935009;109;stop;50;0;0;0;0;0
1751442935663;1751442935915;252;stop;0;50;0;0;0;0
1751442938093;1751442938261;168;stop;50;50;0;0;0;0
1751442938261;1751442938498;237;stop;0;50;0;0;0;0
1751442940686;1751442940914;228;stop;0;50;0;0;0;0
1751442942985;1751442943098;113;stop;0;50;0;0;0;0
1751442944510;1751442944804;294;stop;50;50;0;0;0;0
1751442945067;1751442945202;135;stop;50;50;0;0;0;0
1751442945202;1751442945478;276;stop;0;50;0;0;0;0
1751442947968;1751442948102;134;stop;0;50;0;0;0;0
1751442948102;1751442948202;100;stop;50;50;0;0;0;0
1751442948202;1751442948409;207;stop;0;50;0;0;0;0
1751442948812;1751442948927;115;stop;0;50;0;0;0;0
1751442949713;1751442949995;282;stop;50;0;0;0;0;0
1751442953247;1751442953433;186;stop;50;50;0;0;0;0
1751442953433;1751442953557;124;stop;0;50;0;0;0;0
1751442955497;1751442955608;111;stop;0;50;0;0;0;0
1751442957337;1751442957483;146;stop;0;50;0;0;0;0
1751442957934;1751442958044;110;stop;0;50;0;0;0;0
1751442963488;1751442963596;108;stop;50;0;0;0;0;0
1751442964324;1751442964467;143;stop;0;50;0;0;0;0
1751442965830;1751442965926;96;stop;50;50;0;0;0;0
1751442965926;1751442966066;140;stop;0;50;0;0;0;0
1751442968581;1751442968858;277;stop;50;50;0;0;0;0
1751442968858;1751442969009;151;stop;0;50;0;0;0;0
1751442970882;1751442970991;109;stop;0;50;0;0;0;0
1751442973320;1751442973442;122;stop;0;50;0;0;0;0
1751442974673;1751442974783;110;stop;0;50;0;0;0;0
1751442975184;1751442975301;117;stop;0;50;0;0;0;0
1751442979948;1751442980070;122;stop;0;50;0;0;0;0
1751442981111;1751442981351;240;stop;50;50;0;0;0;0
1751442981351;1751442981588;237;stop;0;50;0;0;0;0
1751442983424;1751442983535;111;stop;0;50;0;0;0;0
1751442984599;1751442984757;158;stop;50;50;0;0;0;0
1751442984757;1751442984860;103;stop;0;50;0;0;0;0
1751442990772;1751442990896;124;stop;0;50;0;0;0;0
1751443002133;1751443002296;163;stop;50;0;0;0;0;0
1751443003824;1751443004047;223;stop;0;50;0;0;0;0
1751443010344;1751443010450;106;stop;0;50;0;0;0;0
1751443010988;1751443011235;247;stop;50;50;0;0;0;0
1751443012825;1751443012938;113;stop;0;50;0;0;0;0
1751443017784;1751443017904;120;stop;0;50;0;0;0;0
1751443022629;1751443022737;108;stop;0;50;0;0;0;0
1751443023954;1751443024139;185;stop;50;50;0;0;0;0
1751443024139;1751443024358;219;stop;0;50;0;0;0;0
1751443025436;1751443025557;121;stop;0;50;0;0;0;0
1751443028870;1751443029125;255;stop;0;50;0;0;0;0
1751443029857;1751443029965;108;stop;0;50;0;0;0;0
1751443029965;1751443030240;275;stop;50;50;0;0;0;0
1751443030398;1751443030685;287;stop;50;50;0;0;0;0
1751443031435;1751443031721;286;stop;0;50;0;0;0;0
1751443032520;1751443032633;113;stop;0;50;0;0;0;0
1751443032633;1751443032871;238;stop;50;50;0;0;0;0
1751443033568;1751443033690;122;stop;0;50;0;0;0;0
1751443034126;1751443034251;125;stop;0;50;0;0;0;0
1751443034923;1751443035047;124;stop;0;50;0;0;0;0
1751443035505;1751443035604;99;stop;50;0;0;0;0;0
1751443037917;1751443038075;158;stop;50;50;0;0;0;0
1751443038075;1751443038251;176;stop;50;0;0;0;0;0
1751443039042;1751443039186;144;stop;50;50;0;0;0;0
1751443039588;1751443039873;285;stop;50;50;0;0;0;0
1751443039873;1751443039968;95;stop;0;50;0;0;0;0
1751443040806;1751443041052;246;stop;50;50;0;0;0;0
1751443041433;1751443041561;128;stop;50;50;0;0;0;0
1751443041561;1751443041821;260;stop;0;50;0;0;0;0
1751443044417;1751443044524;107;stop;0;50;0;0;0;0
1751443048683;1751443048797;114;stop;0;50;0;0;0;0
1751443050764;1751443051021;257;stop;0;50;0;0;0;0
1751443051419;1751443051526;107;stop;0;50;0;0;0;0
1751443052061;1751443052224;163;stop;50;0;0;0;0;0
1751443053558;1751443053734;176;stop;50;50;0;0;0;0
1751443053734;1751443053966;232;stop;0;50;0;0;0;0
1751443056880;1751443057050;170;stop;0;50;0;0;0;0
1751443057726;1751443057825;99;stop;50;50;0;0;0;0
1751443060187;1751443060314;127;stop;0;50;0;0;0;0
1751443062000;1751443062174;174;stop;50;0;0;0;0;0
1751443063049;1751443063162;113;stop;50;0;0;0;0;0
1751443065958;1751443066077;119;stop;0;50;0;0;0;0
1751443067425;1751443067636;211;stop;50;50;0;0;0;0
1751443067636;1751443067863;227;stop;0;50;0;0;0;0
1751443070128;1751443070301;173;stop;0;50;0;0;0;0
1751443070853;1751443070976;123;stop;0;50;0;0;0;0
1751443072239;1751443072386;147;stop;50;50;0;0;0;0
1751443073143;1751443073253;110;stop;0;50;0;0;0;0
1751443074028;1751443074245;217;stop;50;50;0;0;0;0
1751443074245;1751443074453;208;stop;0;50;0;0;0;0
1751443074988;1751443075110;122;stop;0;50;0;0;0;0
1751443075821;1751443075948;127;stop;50;50;0;0;0;0
1751443075948;1751443076147;199;stop;0;50;0;0;0;0
1751443078359;1751443078609;250;stop;50;0;0;0;0;0
1751443081321;1751443081468;147;stop;50;50;0;0;0;0
1751443082250;1751443082373;123;stop;0;50;0;0;0;0
1751443082373;1751443082568;195;stop;50;50;0;0;0;0
1751443083529;1751443083639;110;stop;0;50;0;0;0;0
1751443086070;1751443086203;133;stop;0;50;0;0;0;0
1751443088195;1751443088426;231;stop;50;50;0;0;0;0
1751443088426;1751443088706;280;stop;0;50;0;0;0;0
1751443090777;1751443090893;116;stop;0;50;0;0;0;0
1751443092733;1751443092890;157;stop;50;0;0;0;0;0
1751443093869;1751443093980;111;stop;50;0;0;0;0;0
1751443094732;1751443094909;177;stop;50;50;0;0;0;0
1751443094909;1751443095166;257;stop;0;50;0;0;0;0
1751443096395;1751443096509;114;stop;0;50;0;0;0;0
1751443097731;1751443097935;204;stop;50;50;0;0;0;0
1751443101243;1751443101355;112;stop;0;50;0;0;0;0
1751443101954;1751443102248;294;stop;50;0;0;0;0;0
1751443107040;1751443107151;111;stop;50;50;0;0;0;0
1751443112267;1751443112414;147;stop;0;50;0;0;0;0
1751443115718;1751443115827;109;stop;50;50;0;0;0;0
1751443115827;1751443115934;107;stop;0;50;0;0;0;0
1751443117842;1751443117986;144;stop;50;50;0;0;0;0
1751443118221;1751443118345;124;stop;50;50;0;0;0;0
1751443118345;1751443118452;107;stop;0;50;0;0;0;0
1751443119055;1751443119181;126;stop;0;50;0;0;0;0
1751443119181;1751443119303;122;stop;50;50;0;0;0;0
1751443119730;1751443119878;148;stop;50;50;0;0;0;0
1751443119878;1751443120020;142;stop;0;50;0;0;0;0
1751443123614;1751443123749;135;stop;50;0;0;0;0;0
1751443125241;1751443125412;171;stop;50;50;0;0;0;0
1751443125597;1751443125746;149;stop;50;50;0;0;0;0
1751443125903;1751443126035;132;stop;50;50;0;0;0;0
1751443126035;1751443126172;137;stop;0;50;0;0;0;0
1751443127710;1751443127888;178;stop;0;50;0;0;0;0
1751443128976;1751443129123;147;stop;50;50;0;0;0;0
1751443129123;1751443129275;152;stop;0;50;0;0;0;0
1751443130348;1751443130488;140;stop;0;50;0;0;0;0
1751443135968;1751443136156;188;stop;0;50;0;0;0;0
1751443137688;1751443137831;143;stop;0;50;0;0;0;0
1751443140122;1751443140264;142;stop;50;50;0;0;0;0
1751443140264;1751443140390;126;stop;0;50;0;0;0;0
1751443142977;1751443143108;131;stop;50;50;0;0;0;0
1751443143108;1751443143310;202;stop;0;50;0;0;0;0
1751443143880;1751443144027;147;stop;0;50;0;0;0;0
1751443146764;1751443146893;129;stop;0;50;0;0;0;0
1751443148234;1751443148352;118;stop;50;50;0;0;0;0
1751443148352;1751443148494;142;stop;0;50;0;0;0;0
1751443151849;1751443152099;250;stop;0;50;0;0;0;0
1751443152805;1751443152930;125;stop;0;50;0;0;0;0
1751443154312;1751443154470;158;stop;50;50;0;0;0;0
1751443154470;1751443154639;169;stop;0;50;0;0;0;0
1751443155465;1751443155578;113;stop;0;50;0;0;0;0
1751443159726;1751443159899;173;stop;50;50;0;0;0;0
1751443159899;1751443160032;133;stop;50;0;0;0;0;0
1751443162085;1751443162192;107;stop;50;50;0;0;0;0
1751443162192;1751443162293;101;stop;0;50;0;0;0;0
1751443163662;1751443163800;138;stop;0;50;0;0;0;0
1751443165727;1751443165860;133;stop;0;50;0;0;0;0
1751443167607;1751443167731;124;stop;0;50;0;0;0;0
1751443169092;1751443169253;161;stop;50;50;0;0;0;0
1751443170223;1751443170364;141;stop;0;50;0;0;0;0
1751443170364;1751443170591;227;stop;50;50;0;0;0;0
1751443170884;1751443171001;117;stop;0;50;0;0;0;0
1751443171921;1751443172142;221;stop;0;50;0;0;0;0
1751443180020;1751443180213;193;stop;50;0;0;0;0;0
1751443180835;1751443181037;202;stop;50;0;0;0;0;0
1751443182277;1751443182434;157;stop;50;50;0;0;0;0
1751443185413;1751443185594;181;stop;0;50;0;0;0;0
1751443186045;1751443186342;297;stop;0;50;0;0;0;0
1751443187576;1751443187760;184;stop;0;50;0;0;0;0
1751443187760;1751443188039;279;stop;50;50;0;0;0;0
1751443189618;1751443189806;188;stop;0;50;0;0;0;0
1751443191894;1751443192125;231;stop;0;50;0;0;0;0
1751443194975;1751443195263;288;stop;50;50;0;0;0;0
1751443195263;1751443195452;189;stop;50;0;0;0;0;0
1751443198614;1751443198790;176;stop;50;0;0;0;0;0
1751443199533;1751443199795;262;stop;50;50;0;0;0;0
1751443199795;1751443199955;160;stop;0;50;0;0;0;0
1751443202706;1751443202861;155;stop;0;50;0;0;0;0
1751443206353;1751443206505;152;stop;50;50;0;0;0;0
1751443206505;1751443206637;132;stop;0;50;0;0;0;0
1751443207393;1751443207536;143;stop;0;50;0;0;0;0
1751443208101;1751443208311;210;stop;0;50;0;0;0;0
1751443208654;1751443208761;107;stop;0;50;0;0;0;0
1751443210712;1751443210938;226;stop;0;50;0;0;0;0
1751443211728;1751443211837;109;stop;0;50;0;0;0;0
1751443212606;1751443212837;231;stop;50;50;0;0;0;0
1751443212837;1751443213042;205;stop;0;50;0;0;0;0
1751443214730;1751443215028;298;stop;0;50;0;0;0;0
1751443215289;1751443215402;113;stop;0;50;0;0;0;0
1751443218478;1751443218586;108;stop;50;0;0;0;0;0
1751443221946;1751443222077;131;stop;0;50;0;0;0;0
1751443223879;1751443224021;142;stop;0;50;0;0;0;0
1751443224021;1751443224132;111;stop;50;50;0;0;0;0
1751443224132;1751443224382;250;stop;0;50;0;0;0;0
1751443226645;1751443226752;107;stop;0;50;0;0;0;0
1751443228148;1751443228269;121;stop;50;0;0;0;0;0
1751443229459;1751443229568;109;stop;50;0;0;0;0;0
1751443229568;1751443229696;128;stop;50;50;0;0;0;0
1751443229914;1751443230034;120;stop;50;50;0;0;0;0
1751443230034;1751443230230;196;stop;0;50;0;0;0;0
1751443232462;1751443232580;118;stop;0;50;0;0;0;0
1751443232580;1751443232717;137;stop;50;50;0;0;0;0
1751443235074;1751443235181;107;stop;0;50;0;0;0;0
1751443236893;1751443237001;108;stop;0;50;0;0;0;0
1751443237712;1751443237954;242;stop;0;50;0;0;0;0
1751443238124;1751443238243;119;stop;0;50;0;0;0;0
1751443238243;1751443238388;145;stop;50;50;0;0;0;0
1751443238388;1751443238547;159;stop;0;50;0;0;0;0
1751443238767;1751443238875;108;stop;0;50;0;0;0;0
1751443238875;1751443239109;234;stop;50;50;0;0;0;0
1751443239376;1751443239484;108;stop;0;50;0;0;0;0
1751443242078;1751443242194;116;stop;0;50;0;0;0;0
1751443243171;1751443243412;241;stop;50;50;0;0;0;0
1751443245880;1751443245990;110;stop;0;50;0;0;0;0
1751443245990;1751443246263;273;stop;50;50;0;0;0;0
1751443247754;1751443247928;174;stop;50;50;0;0;0;0
1751443249140;1751443249252;112;stop;0;50;0;0;0;0
1751443249252;1751443249434;182;stop;50;50;0;0;0;0
1751443249567;1751443249688;121;stop;50;50;0;0;0;0
1751443249688;1751443249825;137;stop;0;50;0;0;0;0
1751443252237;1751443252358;121;stop;0;50;0;0;0;0
1751443252358;1751443252604;246;stop;50;50;0;0;0;0
1751443253125;1751443253232;107;stop;50;50;0;0;0;0
1751443253232;1751443253461;229;stop;0;50;0;0;0;0
1751443255667;1751443255777;110;stop;0;50;0;0;0;0
1751443255777;1751443255879;102;stop;50;50;0;0;0;0
1751443255879;1751443256036;157;stop;0;50;0;0;0;0
1751443256298;1751443256407;109;stop;0;50;0;0;0;0
1751443257189;1751443257323;134;stop;50;50;0;0;0;0
1751443257323;1751443257427;104;stop;50;0;0;0;0;0
1751443258456;1751443258567;111;stop;50;0;0;0;0;0
1751443261902;1751443262000;98;stop;0;50;0;0;0;0
1751443263646;1751443263889;243;stop;50;50;0;0;0;0
1751443265744;1751443265952;208;stop;0;50;0;0;0;0
1751443266394;1751443266503;109;stop;0;50;0;0;0;0
1751443268882;1751443269165;283;stop;0;50;0;0;0;0
1751443271511;1751443271627;116;stop;0;50;0;0;0;0
1751443278580;1751443278808;228;stop;50;0;0;0;0;0
1751443281308;1751443281438;130;stop;0;50;0;0;0;0
1751443282794;1751443282918;124;stop;0;50;0;0;0;0
1751443282918;1751443283172;254;stop;50;50;0;0;0;0
1751443283783;1751443283899;116;stop;0;50;0;0;0;0
1751443284665;1751443284771;106;stop;0;50;0;0;0;0
1751443285897;1751443285998;101;stop;50;50;0;0;0;0
1751443285998;1751443286233;235;stop;0;50;0;0;0;0
1751443288352;1751443288468;116;stop;0;50;0;0;0;0
1751443290561;1751443290766;205;stop;50;0;0;0;0;0
1751443291848;1751443291958;110;stop;50;0;0;0;0;0
1751443292635;1751443292776;141;stop;0;50;0;0;0;0
1751443292776;1751443292917;141;stop;50;50;0;0;0;0
1751443294258;1751443294377;119;stop;0;50;0;0;0;0
1751443294377;1751443294619;242;stop;50;50;0;0;0;0
1751443294837;1751443295126;289;stop;50;50;0;0;0;0
1751443296471;1751443296588;117;stop;0;50;0;0;0;0
1751443300984;1751443301098;114;stop;0;50;0;0;0;0
1751443301098;1751443301246;148;stop;50;50;0;0;0;0
1751443302818;1751443302927;109;stop;0;50;0;0;0;0
1751443305742;1751443305851;109;stop;0;50;0;0;0;0
1751443306731;1751443306853;122;stop;50;50;0;0;0;0
1751443306853;1751443307125;272;stop;0;50;0;0;0;0
1751443309585;1751443309761;176;stop;0;50;0;0;0;0
1751443310716;1751443310903;187;stop;50;50;0;0;0;0
1751443311711;1751443311824;113;stop;0;50;0;0;0;0
1751443313425;1751443313716;291;stop;50;50;0;0;0;0
1751443313716;1751443313883;167;stop;0;50;0;0;0;0
1751443317751;1751443317866;115;stop;0;50;0;0;0;0
1751443319433;1751443319574;141;stop;50;50;0;0;0;0
1751443319574;1751443319826;252;stop;0;50;0;0;0;0
1751443324225;1751443324460;235;stop;60;60;0;0;0;0
1751443324460;1751443324562;102;stop;60;0;0;0;0;0
1751443326158;1751443326298;140;stop;60;60;0;0;0;0
1751443328367;1751443328643;276;stop;0;60;0;0;0;0
1751443329899;1751443330140;241;stop;60;60;0;0;0;0
1751443334089;1751443334202;113;stop;0;60;0;0;0;0
1751443334202;1751443334433;231;stop;60;60;0;0;0;0
1751443335806;1751443335956;150;stop;60;60;0;0;0;0
1751443335956;1751443336185;229;stop;0;60;0;0;0;0
1751443337750;1751443337986;236;stop;60;60;0;0;0;0
1751443339040;1751443339297;257;stop;60;0;0;0;0;0
1751443339543;1751443339673;130;stop;60;0;0;0;0;0
1751443339673;1751443339840;167;stop;60;60;0;0;0;0
1751443340329;1751443340505;176;stop;60;60;0;0;0;0
1751443340505;1751443340610;105;stop;0;60;0;0;0;0
1751443341390;1751443341506;116;stop;0;60;0;0;0;0
1751443341506;1751443341720;214;stop;60;60;0;0;0;0
1751443341896;1751443342169;273;stop;60;60;0;0;0;0
1751443342169;1751443342288;119;stop;0;60;0;0;0;0
1751443343312;1751443343426;114;stop;0;60;0;0;0;0
1751443343426;1751443343635;209;stop;60;60;0;0;0;0
1751443344553;1751443344731;178;stop;0;60;0;0;0;0
1751443346001;1751443346142;141;stop;0;60;0;0;0;0
1751443346142;1751443346325;183;stop;60;60;0;0;0;0
1751443346710;1751443346835;125;stop;60;60;0;0;0;0
1751443346835;1751443346950;115;stop;60;0;0;0;0;0
1751443347470;1751443347590;120;stop;60;0;0;0;0;0
1751443347590;1751443347848;258;stop;60;60;0;0;0;0
1751443348936;1751443349216;280;stop;60;0;0;0;0;0
1751443349825;1751443350105;280;stop;60;0;0;0;0;0
1751443350329;1751443350445;116;stop;60;0;0;0;0;0
1751443350445;1751443350686;241;stop;60;60;0;0;0;0
1751443350943;1751443351052;109;stop;60;60;0;0;0;0
1751443351052;1751443351213;161;stop;0;60;0;0;0;0
1751443352751;1751443352999;248;stop;60;60;0;0;0;0
1751443353320;1751443353477;157;stop;60;60;0;0;0;0
1751443353477;1751443353619;142;stop;60;0;0;0;0;0
1751443356891;1751443357086;195;stop;0;60;0;0;0;0
1751443358829;1751443359126;297;stop;0;60;0;0;0;0
1751443359849;1751443359971;122;stop;0;60;0;0;0;0
1751443361620;1751443361790;170;stop;60;0;0;0;0;0
1751443361790;1751443362066;276;stop;60;60;0;0;0;0
1751443366476;1751443366603;127;stop;60;0;0;0;0;0
1751443368536;1751443368720;184;stop;60;60;0;0;0;0
1751443368720;1751443368934;214;stop;0;60;0;0;0;0
1751443372731;1751443372947;216;stop;0;60;0;0;0;0
1751443375394;1751443375549;155;stop;60;60;0;0;0;0
1751443377816;1751443378092;276;stop;60;0;0;0;0;0
1751443378917;1751443379046;129;stop;60;0;0;0;0;0
1751443381938;1751443382217;279;stop;0;60;0;0;0;0
1751443384719;1751443384846;127;stop;60;60;0;0;0;0
1751443384846;1751443384998;152;stop;0;60;0;0;0;0
1751443385662;1751443385843;181;stop;0;60;0;0;0;0
1751443385843;1751443385961;118;stop;60;60;0;0;0;0
1751443385961;1751443386151;190;stop;0;60;0;0;0;0
1751443386576;1751443386716;140;stop;0;60;0;0;0;0
1751443386716;1751443386818;102;stop;60;60;0;0;0;0
1751443386818;1751443387050;232;stop;0;60;0;0;0;0
1751443388044;1751443388170;126;stop;0;60;0;0;0;0
1751443388170;1751443388297;127;stop;60;60;0;0;0;0
1751443388719;1751443389001;282;stop;60;60;0;0;0;0
1751443393900;1751443394042;142;stop;60;60;0;0;0;0
1751443394042;1751443394156;114;stop;0;60;0;0;0;0
1751443394967;1751443395093;126;stop;0;60;0;0;0;0
1751443396833;1751443396990;157;stop;0;60;0;0;0;0
1751443398977;1751443399264;287;stop;60;60;0;0;0;0
1751443399264;1751443399424;160;stop;0;60;0;0;0;0
1751443400503;1751443400616;113;stop;0;60;0;0;0;0
1751443401433;1751443401623;190;stop;0;60;0;0;0;0
1751443401768;1751443401886;118;stop;0;60;0;0;0;0
1751443403898;1751443404196;298;stop;60;60;0;0;0;0
1751443404196;1751443404321;125;stop;60;0;0;0;0;0
1751443405036;1751443405153;117;stop;60;0;0;0;0;0
1751443405153;1751443405344;191;stop;60;60;0;0;0;0
1751443405630;1751443405756;126;stop;60;60;0;0;0;0
1751443405756;1751443405922;166;stop;0;60;0;0;0;0
1751443406719;1751443406835;116;stop;0;60;0;0;0;0
1751443407361;1751443407607;246;stop;0;60;0;0;0;0
1751443407807;1751443407921;114;stop;0;60;0;0;0;0
1751443410914;1751443411199;285;stop;0;60;0;0;0;0
1751443412653;1751443412764;111;stop;0;60;0;0;0;0
1751443413942;1751443414061;119;stop;60;0;0;0;0;0
1751443417373;1751443417487;114;stop;0;60;0;0;0;0
1751443418110;1751443418270;160;stop;0;60;0;0;0;0
1751443418456;1751443418570;114;stop;0;60;0;0;0;0
1751443420610;1751443420760;150;stop;0;60;0;0;0;0
1751443422045;1751443422158;113;stop;0;60;0;0;0;0
1751443423318;1751443423485;167;stop;60;60;0;0;0;0
1751443423485;1751443423691;206;stop;0;60;0;0;0;0
1751443424995;1751443425109;114;stop;0;60;0;0;0;0
1751443426725;1751443426997;272;stop;60;60;0;0;0;0
1751443426997;1751443427098;101;stop;60;0;0;0;0;0
1751443428745;1751443428865;120;stop;60;60;0;0;0;0
1751443428865;1751443428966;101;stop;0;60;0;0;0;0
1751443429603;1751443429720;117;stop;0;60;0;0;0;0
1751443429720;1751443429900;180;stop;60;60;0;0;0;0
1751443430147;1751443430370;223;stop;60;60;0;0;0;0
1751443430370;1751443430477;107;stop;0;60;0;0;0;0
1751443432122;1751443432380;258;stop;60;60;0;0;0;0
1751443432380;1751443432676;296;stop;0;60;0;0;0;0
1751443433625;1751443433737;112;stop;0;60;0;0;0;0
1751443435002;1751443435288;286;stop;60;60;0;0;0;0
1751443435288;1751443435502;214;stop;0;60;0;0;0;0
1751443435737;1751443435853;116;stop;0;60;0;0;0;0
1751443436473;1751443436688;215;stop;0;60;0;0;0;0
1751443436947;1751443437069;122;stop;0;60;0;0;0;0
1751443437853;1751443437975;122;stop;60;60;0;0;0;0
1751443437975;1751443438259;284;stop;0;60;0;0;0;0
1751443439298;1751443439415;117;stop;0;60;0;0;0;0
1751443441882;1751443442015;133;stop;60;60;0;0;0;0
1751443444379;1751443444493;114;stop;60;60;0;0;0;0
1751443445321;1751443445471;150;stop;0;60;0;0;0;0
1751443446358;1751443446547;189;stop;60;60;0;0;0;0
1751443446547;1751443446761;214;stop;0;60;0;0;0;0
1751443448008;1751443448123;115;stop;0;60;0;0;0;0
1751443448123;1751443448350;227;stop;60;60;0;0;0;0
1751443449074;1751443449190;116;stop;60;0;0;0;0;0
1751443449846;1751443450027;181;stop;60;60;0;0;0;0
1751443450438;1751443450564;126;stop;60;60;0;0;0;0
1751443450564;1751443450666;102;stop;60;0;0;0;0;0
1751443450817;1751443450937;120;stop;60;0;0;0;0;0
1751443450937;1751443451110;173;stop;60;60;0;0;0;0
1751443451296;1751443451582;286;stop;60;60;0;0;0;0
1751443451923;1751443452049;126;stop;60;0;0;0;0;0
1751443453088;1751443453304;216;stop;60;0;0;0;0;0
1751443454460;1751443454631;171;stop;60;60;0;0;0;0
1751443454631;1751443454915;284;stop;0;60;0;0;0;0
1751443455925;1751443456066;141;stop;0;60;0;0;0;0
1751443459476;1751443459605;129;stop;0;60;0;0;0;0
1751443462017;1751443462304;287;stop;0;60;0;0;0;0
1751443464388;1751443464659;271;stop;60;60;0;0;0;0
1751443464659;1751443464844;185;stop;0;60;0;0;0;0
1751443465537;1751443465654;117;stop;0;60;0;0;0;0
1751443468594;1751443468874;280;stop;60;60;0;0;0;0
1751443468997;1751443469153;156;stop;60;60;0;0;0;0
1751443469153;1751443469322;169;stop;0;60;0;0;0;0
1751443471783;1751443472003;220;stop;60;60;0;0;0;0
1751443472003;1751443472176;173;stop;0;60;0;0;0;0
1751443473445;1751443473584;139;stop;0;60;0;0;0;0
1751443474754;1751443474875;121;stop;0;60;0;0;0;0
1751443476704;1751443476899;195;stop;60;60;0;0;0;0
1751443476899;1751443477021;122;stop;60;0;0;0;0;0
1751443477845;1751443477963;118;stop;60;60;0;0;0;0
1751443478375;1751443478601;226;stop;60;60;0;0;0;0
1751443478736;1751443478913;177;stop;60;60;0;0;0;0
1751443478913;1751443479119;206;stop;0;60;0;0;0;0
1751443479961;1751443480080;119;stop;0;60;0;0;0;0
1751443480469;1751443480724;255;stop;0;60;0;0;0;0
1751443480976;1751443481092;116;stop;0;60;0;0;0;0
1751443482810;1751443482917;107;stop;0;60;0;0;0;0
1751443484208;1751443484324;116;stop;0;60;0;0;0;0
1751443486785;1751443486918;133;stop;60;60;0;0;0;0
1751443488392;1751443488507;115;stop;0;60;0;0;0;0
1751443491144;1751443491298;154;stop;0;60;0;0;0;0
1751443492688;1751443492896;208;stop;0;60;0;0;0;0
1751443493650;1751443493785;135;stop;0;60;0;0;0;0
1751443494817;1751443495035;218;stop;60;60;0;0;0;0
1751443495035;1751443495252;217;stop;0;60;0;0;0;0
1751443496326;1751443496442;116;stop;0;60;0;0;0;0
1751443497216;1751443497352;136;stop;0;60;0;0;0;0
1751443499558;1751443499661;103;stop;60;0;0;0;0;0
1751443500487;1751443500766;279;stop;60;60;0;0;0;0
1751443501065;1751443501194;129;stop;60;60;0;0;0;0
1751443501194;1751443501320;126;stop;0;60;0;0;0;0
1751443501874;1751443501991;117;stop;0;60;0;0;0;0
1751443504862;1751443504991;129;stop;0;60;0;0;0;0
1751443505980;1751443506175;195;stop;60;60;0;0;0;0
1751443506175;1751443506429;254;stop;0;60;0;0;0;0
1751443506987;1751443507105;118;stop;0;60;0;0;0;0
1751443508839;1751443509070;231;stop;0;60;0;0;0;0
1751443511088;1751443511337;249;stop;0;60;0;0;0;0
1751443511479;1751443511595;116;stop;0;60;0;0;0;0
1751443513781;1751443514077;296;stop;0;60;0;0;0;0
1751443515227;1751443515431;204;stop;60;60;0;0;0;0
1751443515431;1751443515616;185;stop;0;60;0;0;0;0
1751443516794;1751443516924;130;stop;0;60;0;0;0;0
1751443519376;1751443519607;231;stop;60;60;0;0;0;0
1751443519607;1751443519706;99;stop;0;60;0;0;0;0
1751443523788;1751443523999;211;stop;0;60;0;0;0;0
1751443524974;1751443525258;284;stop;60;60;0;0;0;0
1751443526390;1751443526510;120;stop;60;0;0;0;0;0
1751443527897;1751443528010;113;stop;60;0;0;0;0;0
1751443528546;1751443528646;100;stop;60;60;0;0;0;0
1751443528646;1751443528844;198;stop;0;60;0;0;0;0
1751443530972;1751443531251;279;stop;60;60;0;0;0;0
1751443533433;1751443533603;170;stop;0;60;0;0;0;0
1751443537956;1751443538206;250;stop;0;60;0;0;0;0
1751443539127;1751443539244;117;stop;0;60;0;0;0;0
1751443539244;1751443539505;261;stop;60;60;0;0;0;0
1751443543071;1751443543330;259;stop;0;60;0;0;0;0
1751443544378;1751443544493;115;stop;0;60;0;0;0;0
1751443546212;1751443546401;189;stop;60;60;0;0;0;0
1751443546401;1751443546556;155;stop;0;60;0;0;0;0
1751443548860;1751443549084;224;stop;0;60;0;0;0;0
1751443549927;1751443550045;118;stop;0;60;0;0;0;0
1751443550884;1751443551053;169;stop;60;60;0;0;0;0
1751443551843;1751443551974;131;stop;0;60;0;0;0;0
1751443551974;1751443552097;123;stop;60;60;0;0;0;0
1751443552232;1751443552344;112;stop;60;60;0;0;0;0
1751443552344;1751443552494;150;stop;0;60;0;0;0;0
1751443553192;1751443553309;117;stop;0;60;0;0;0;0
1751443553309;1751443553462;153;stop;60;60;0;0;0;0
1751443555748;1751443556003;255;stop;60;0;0;0;0;0
1751443556937;1751443557221;284;stop;60;60;0;0;0;0
1751443557436;1751443557602;166;stop;60;60;0;0;0;0
1751443557602;1751443557789;187;stop;0;60;0;0;0;0
1751443558563;1751443558678;115;stop;0;60;0;0;0;0
1751443559716;1751443559970;254;stop;60;0;0;0;0;0
1751443560276;1751443560388;112;stop;60;0;0;0;0;0
1751443561427;1751443561661;234;stop;60;60;0;0;0;0
1751443561661;1751443561772;111;stop;0;60;0;0;0;0
1751443563733;1751443563853;120;stop;60;60;0;0;0;0
1751443563853;1751443564075;222;stop;0;60;0;0;0;0
1751443565280;1751443565406;126;stop;0;60;0;0;0;0
1751443608609;1751443608749;140;stop;60;0;0;0;0;0
1751443610262;1751443610510;248;stop;60;60;0;0;0;0
1751443610510;1751443610712;202;stop;60;0;0;0;0;0
1751443612354;1751443612527;173;stop;0;60;0;0;0;0
1751443613810;1751443613986;176;stop;60;60;0;0;0;0
1751443613986;1751443614173;187;stop;0;60;0;0;0;0
1751443614584;1751443614732;148;stop;0;60;0;0;0;0
1751443614732;1751443615028;296;stop;60;60;0;0;0;0
1751443615447;1751443615547;100;stop;60;60;0;0;0;0
1751443615547;1751443615709;162;stop;60;0;0;0;0;0
1751443617005;1751443617118;113;stop;60;0;0;0;0;0
1751443623078;1751443623187;109;stop;60;60;0;0;0;0
1751443623187;1751443623335;148;stop;60;0;0;0;0;0
1751443624098;1751443624368;270;stop;60;0;0;0;0;0
1751443627636;1751443627767;131;stop;60;0;0;0;0;0
1751443628467;1751443628612;145;stop;0;60;0;0;0;0
1751443633285;1751443633463;178;stop;50;50;0;0;0;0
1751443635829;1751443636054;225;stop;50;50;0;0;0;0
1751443636054;1751443636201;147;stop;50;0;0;0;0;0
1751443637462;1751443637592;130;stop;50;0;0;0;0;0
1751443639302;1751443639523;221;stop;50;0;0;0;0;0
1751443639631;1751443639767;136;stop;50;0;0;0;0;0
1751443641016;1751443641244;228;stop;50;50;0;0;0;0
1751443642147;1751443642266;119;stop;50;0;0;0;0;0
1751443642793;1751443643028;235;stop;50;0;0;0;0;0
1751443643411;1751443643522;111;stop;50;0;0;0;0;0
1751443645600;1751443645838;238;stop;50;0;0;0;0;0
1751443646733;1751443646846;113;stop;50;0;0;0;0;0
1751443647475;1751443647703;228;stop;50;0;0;0;0;0
1751443647913;1751443648026;113;stop;50;0;0;0;0;0
1751443650421;1751443650556;135;stop;50;0;0;0;0;0
1751443651599;1751443651782;183;stop;50;50;0;0;0;0
1751443651782;1751443651901;119;stop;50;0;0;0;0;0
1751443653100;1751443653232;132;stop;50;0;0;0;0;0
1751443654234;1751443654466;232;stop;50;50;0;0;0;0
1751443656690;1751443656815;125;stop;0;50;0;0;0;0
1751443657102;1751443657230;128;stop;0;50;0;0;0;0
1751443659830;1751443659933;103;stop;50;50;0;0;0;0
1751443659933;1751443660190;257;stop;50;0;0;0;0;0
1751443661387;1751443661538;151;stop;50;0;0;0;0;0
1751443662487;1751443662661;174;stop;50;0;0;0;0;0
1751443662836;1751443662949;113;stop;50;0;0;0;0;0
1751443662949;1751443663098;149;stop;50;50;0;0;0;0
1751443663098;1751443663229;131;stop;50;0;0;0;0;0
1751443663600;1751443663718;118;stop;50;0;0;0;0;0
1751443663718;1751443663979;261;stop;50;50;0;0;0;0
1751443664236;1751443664366;130;stop;50;50;0;0;0;0
1751443664366;1751443664469;103;stop;50;0;0;0;0;0
1751443664915;1751443665026;111;stop;50;0;0;0;0;0
1751443666502;1751443666757;255;stop;50;0;0;0;0;0
1751443668324;1751443668438;114;stop;50;0;0;0;0;0
1751443668755;1751443669005;250;stop;50;0;0;0;0;0
1751443670345;1751443670509;164;stop;50;0;0;0;0;0
1751443672106;1751443672324;218;stop;50;50;0;0;0;0
1751443672324;1751443672601;277;stop;50;0;0;0;0;0
1751443673060;1751443673184;124;stop;50;0;0;0;0;0
1751443675384;1751443675578;194;stop;50;0;0;0;0;0
1751443676918;1751443677028;110;stop;50;0;0;0;0;0
1751443678871;1751443679102;231;stop;50;0;0;0;0;0
1751443680687;1751443680916;229;stop;50;50;0;0;0;0
1751443681739;1751443681935;196;stop;50;0;0;0;0;0
1751443682877;1751443682985;108;stop;50;0;0;0;0;0
1751443683976;1751443684213;237;stop;50;50;0;0;0;0
1751443684213;1751443684404;191;stop;50;0;0;0;0;0
1751443684886;1751443684998;112;stop;50;0;0;0;0;0
1751443686102;1751443686218;116;stop;50;50;0;0;0;0
1751443686218;1751443686375;157;stop;50;0;0;0;0;0
1751443688931;1751443689211;280;stop;0;50;0;0;0;0
1751443691238;1751443691441;203;stop;50;50;0;0;0;0
1751443691441;1751443691549;108;stop;50;0;0;0;0;0
1751443692588;1751443692702;114;stop;50;0;0;0;0;0
1751443693568;1751443693830;262;stop;50;50;0;0;0;0
1751443693830;1751443694123;293;stop;50;0;0;0;0;0
1751443694583;1751443694706;123;stop;50;0;0;0;0;0
1751443696218;1751443696517;299;stop;50;0;0;0;0;0
1751443697959;1751443698074;115;stop;50;0;0;0;0;0
1751443698610;1751443698790;180;stop;50;0;0;0;0;0
1751443699002;1751443699128;126;stop;50;0;0;0;0;0
1751443701063;1751443701252;189;stop;50;0;0;0;0;0
1751443702393;1751443702587;194;stop;50;0;0;0;0;0
1751443704325;1751443704537;212;stop;50;0;0;0;0;0
1751443705431;1751443705556;125;stop;50;0;0;0;0;0
1751443705556;1751443705665;109;stop;50;50;0;0;0;0
1751443705665;1751443705849;184;stop;50;0;0;0;0;0
1751443707315;1751443707581;266;stop;50;0;0;0;0;0
1751443708373;1751443708629;256;stop;50;50;0;0;0;0
1751443708629;1751443708850;221;stop;50;0;0;0;0;0
1751443709472;1751443709759;287;stop;50;0;0;0;0;0
1751443710820;1751443710991;171;stop;50;50;0;0;0;0
1751443710991;1751443711103;112;stop;50;0;0;0;0;0
1751443711912;1751443712021;109;stop;50;0;0;0;0;0
1751443713846;1751443713948;102;stop;50;0;0;0;0;0
1751443714716;1751443714843;127;stop;50;0;0;0;0;0
1751443716631;1751443716858;227;stop;50;50;0;0;0;0
1751443716858;1751443716996;138;stop;50;0;0;0;0;0
1751443717276;1751443717410;134;stop;50;0;0;0;0;0
1751443747593;1751443747813;220;stop;50;50;0;0;0;0
1751443747813;1751443748062;249;stop;50;0;0;0;0;0
1751443749024;1751443749141;117;stop;50;0;0;0;0;0
1751443750853;1751443751036;183;stop;0;50;0;0;0;0
1751443751399;1751443751519;120;stop;0;50;0;0;0;0
1751443753468;1751443753657;189;stop;0;50;0;0;0;0
1751443754905;1751443755123;218;stop;50;50;0;0;0;0
1751443755123;1751443755258;135;stop;50;0;0;0;0;0
1751443759078;1751443759207;129;stop;50;0;0;0;0;0
1751443759324;1751443759448;124;stop;50;0;0;0;0;0
1751443760551;1751443760834;283;stop;50;50;0;0;0;0
1751443763772;1751443763894;122;stop;50;0;0;0;0;0
1751443765781;1751443766017;236;stop;50;0;0;0;0;0
1751443767008;1751443767130;122;stop;50;50;0;0;0;0
1751443767670;1751443767934;264;stop;50;50;0;0;0;0
1751443767934;1751443768167;233;stop;50;0;0;0;0;0
1751443769410;1751443769527;117;stop;50;50;0;0;0;0
1751443770485;1751443770783;298;stop;50;0;0;0;0;0
1751443772115;1751443772344;229;stop;50;0;0;0;0;0
1751443773738;1751443773856;118;stop;50;0;0;0;0;0
1751443776158;1751443776320;162;stop;50;0;0;0;0;0
1751443777297;1751443777438;141;stop;50;50;0;0;0;0
1751443777879;1751443778166;287;stop;50;50;0;0;0;0
1751443781363;1751443781511;148;stop;50;0;0;0;0;0
1751443782985;1751443783176;191;stop;50;0;0;0;0;0
1751443784637;1751443784747;110;stop;50;0;0;0;0;0
1751443786076;1751443786263;187;stop;0;50;0;0;0;0
1751443787653;1751443787850;197;stop;0;50;0;0;0;0
1751443789980;1751443790140;160;stop;50;0;0;0;0;0
1751443792049;1751443792316;267;stop;50;50;0;0;0;0
1751443793498;1751443793696;198;stop;50;50;0;0;0;0
1751443793696;1751443793942;246;stop;50;0;0;0;0;0
1751443798246;1751443798455;209;stop;50;0;0;0;0;0
1751443799370;1751443799498;128;stop;50;50;0;0;0;0
1751443800343;1751443800567;224;stop;50;50;0;0;0;0
1751443800567;1751443800705;138;stop;50;0;0;0;0;0
1751443802836;1751443803130;294;stop;50;0;0;0;0;0
1751443804901;1751443805172;271;stop;50;50;0;0;0;0
1751443805341;1751443805520;179;stop;50;50;0;0;0;0
1751443808112;1751443808260;148;stop;50;0;0;0;0;0
1751443809884;1751443810092;208;stop;50;0;0;0;0;0
1751443810092;1751443810361;269;stop;50;50;0;0;0;0
1751443810722;1751443810892;170;stop;50;50;0;0;0;0
1751443810892;1751443811027;135;stop;50;0;0;0;0;0
1751443813851;1751443814104;253;stop;50;50;0;0;0;0
1751443814423;1751443814600;177;stop;50;50;0;0;0;0
1751443814600;1751443814730;130;stop;50;0;0;0;0;0
1751443815169;1751443815401;232;stop;50;0;0;0;0;0
1751443816332;1751443816447;115;stop;50;50;0;0;0;0
1751443816447;1751443816551;104;stop;50;0;0;0;0;0
1751443818395;1751443818511;116;stop;50;50;0;0;0;0
1751443818511;1751443818642;131;stop;0;50;0;0;0;0
1751443819965;1751443820155;190;stop;0;50;0;0;0;0
1751443820473;1751443820588;115;stop;0;50;0;0;0;0
1751443821759;1751443821921;162;stop;50;50;0;0;0;0
1751443821921;1751443822023;102;stop;50;0;0;0;0;0
1751443823158;1751443823268;110;stop;50;0;0;0;0;0
1751443823268;1751443823445;177;stop;50;50;0;0;0;0
1751443823702;1751443823879;177;stop;50;50;0;0;0;0
1751443823879;1751443823995;116;stop;50;0;0;0;0;0
1751443827130;1751443827320;190;stop;50;50;0;0;0;0
1751443827320;1751443827425;105;stop;50;0;0;0;0;0
1751443829041;1751443829333;292;stop;50;0;0;0;0;0
1751443829683;1751443829855;172;stop;50;0;0;0;0;0
1751443830218;1751443830360;142;stop;50;0;0;0;0;0
1751443832468;1751443832686;218;stop;50;0;0;0;0;0
1751443833585;1751443833697;112;stop;50;0;0;0;0;0
1751443834327;1751443834529;202;stop;0;50;0;0;0;0
1751443834800;1751443834912;112;stop;0;50;0;0;0;0
1751443836960;1751443837057;97;stop;50;0;0;0;0;0
1751443840326;1751443840612;286;stop;50;50;0;0;0;0
1751443841247;1751443841533;286;stop;50;50;0;0;0;0
1751443841533;1751443841673;140;stop;50;0;0;0;0;0
1751443842249;1751443842477;228;stop;50;0;0;0;0;0
1751443842477;1751443842745;268;stop;50;50;0;0;0;0
1751443843171;1751443843322;151;stop;50;50;0;0;0;0
1751443843322;1751443843433;111;stop;50;0;0;0;0;0
1751443845185;1751443845295;110;stop;50;0;0;0;0;0
1751443845875;1751443846076;201;stop;50;0;0;0;0;0
1751443846249;1751443846371;122;stop;50;0;0;0;0;0
1751443846371;1751443846619;248;stop;50;50;0;0;0;0
1751443847599;1751443847714;115;stop;50;0;0;0;0;0
1751443848539;1751443848710;171;stop;50;0;0;0;0;0
1751443849515;1751443849625;110;stop;50;50;0;0;0;0
1751443849625;1751443849736;111;stop;0;50;0;0;0;0
1751443850779;1751443851036;257;stop;50;50;0;0;0;0
1751443851425;1751443851603;178;stop;50;50;0;0;0;0
1751443851603;1751443851716;113;stop;50;0;0;0;0;0
1751443852890;1751443853042;152;stop;50;50;0;0;0;0
1751443853242;1751443853369;127;stop;50;50;0;0;0;0
1751443853369;1751443853474;105;stop;50;0;0;0;0;0
1751443855062;1751443855216;154;stop;50;50;0;0;0;0
1751443855650;1751443855782;132;stop;50;50;0;0;0;0
1751443855782;1751443855907;125;stop;50;0;0;0;0;0
1751443858057;1751443858169;112;stop;50;0;0;0;0;0
1751443859986;1751443860177;191;stop;50;0;0;0;0;0
1751443861011;1751443861305;294;stop;50;50;0;0;0;0
1751443862430;1751443862535;105;stop;50;0;0;0;0;0
1751443864852;1751443865064;212;stop;50;0;0;0;0;0
1751443865959;1751443866251;292;stop;50;50;0;0;0;0
1751443866251;1751443866357;106;stop;50;0;0;0;0;0
1751443866740;1751443867001;261;stop;50;0;0;0;0;0
1751443867963;1751443868248;285;stop;50;50;0;0;0;0
1751443868248;1751443868357;109;stop;50;0;0;0;0;0
1751443869035;1751443869152;117;stop;50;0;0;0;0;0
1751443869152;1751443869279;127;stop;50;50;0;0;0;0
1751443869515;1751443869627;112;stop;50;50;0;0;0;0
1751443869627;1751443869729;102;stop;50;0;0;0;0;0
1751443872313;1751443872431;118;stop;50;50;0;0;0;0
1751443872718;1751443872927;209;stop;50;50;0;0;0;0
1751443872927;1751443873040;113;stop;50;0;0;0;0;0
1751443873994;1751443874156;162;stop;50;0;0;0;0;0
1751443874156;1751443874420;264;stop;50;50;0;0;0;0
1751443874420;1751443874576;156;stop;50;0;0;0;0;0
1751443874841;1751443875031;190;stop;50;50;0;0;0;0
1751443875356;1751443875543;187;stop;50;50;0;0;0;0
1751443875543;1751443875692;149;stop;0;50;0;0;0;0
1751443876412;1751443876522;110;stop;0;50;0;0;0;0
1751443877463;1751443877601;138;stop;0;50;0;0;0;0
1751443877782;1751443877902;120;stop;0;50;0;0;0;0
1751443877902;1751443878166;264;stop;50;50;0;0;0;0
1751443878654;1751443878853;199;stop;50;50;0;0;0;0
1751443878853;1751443879137;284;stop;50;0;0;0;0;0
1751443879730;1751443879850;120;stop;50;0;0;0;0;0
1751443879850;1751443879963;113;stop;50;50;0;0;0;0
1751443880081;1751443880288;207;stop;50;50;0;0;0;0
1751443880288;1751443880387;99;stop;50;0;0;0;0;0
1751443881493;1751443881613;120;stop;50;0;0;0;0;0
1751443883089;1751443883243;154;stop;50;0;0;0;0;0
1751443886187;1751443886390;203;stop;50;50;0;0;0;0
1751443888655;1751443888788;133;stop;50;50;0;0;0;0
1751443889457;1751443889697;240;stop;50;50;0;0;0;0
1751443889697;1751443889965;268;stop;50;0;0;0;0;0
1751443891275;1751443891395;120;stop;50;0;0;0;0;0
1751443891395;1751443891590;195;stop;50;50;0;0;0;0
1751443891946;1751443892173;227;stop;50;50;0;0;0;0
1751443893805;1751443893918;113;stop;50;0;0;0;0;0
1751443894438;1751443894560;122;stop;50;0;0;0;0;0
1751443894874;1751443894987;113;stop;50;0;0;0;0;0
1751443896511;1751443896684;173;stop;50;0;0;0;0;0
1751443897166;1751443897342;176;stop;50;0;0;0;0;0
1751443897342;1751443897555;213;stop;50;50;0;0;0;0
1751443897965;1751443898071;106;stop;50;50;0;0;0;0
1751443898071;1751443898184;113;stop;50;0;0;0;0;0
1751443900154;1751443900269;115;stop;50;0;0;0;0;0
1751443900269;1751443900495;226;stop;50;50;0;0;0;0
1751443900495;1751443900666;171;stop;50;0;0;0;0;0
1751443900865;1751443900980;115;stop;50;0;0;0;0;0
1751443901752;1751443901896;144;stop;50;50;0;0;0;0
1751443901896;1751443902112;216;stop;50;0;0;0;0;0
1751443902644;1751443902751;107;stop;50;0;0;0;0;0
1751443902751;1751443902883;132;stop;50;50;0;0;0;0
1751443903053;1751443903190;137;stop;50;50;0;0;0;0
1751443903190;1751443903290;100;stop;50;0;0;0;0;0
1751443903812;1751443903920;108;stop;50;0;0;0;0;0
1751443903920;1751443904039;119;stop;50;50;0;0;0;0
1751443905036;1751443905169;133;stop;50;50;0;0;0;0
1751443905169;1751443905304;135;stop;0;50;0;0;0;0
1751443906109;1751443906220;111;stop;0;50;0;0;0;0
1751443906220;1751443906414;194;stop;50;50;0;0;0;0
1751443906414;1751443906519;105;stop;0;50;0;0;0;0
1751443906819;1751443906923;104;stop;0;50;0;0;0;0
1751443907039;1751443907162;123;stop;0;50;0;0;0;0
1751443907162;1751443907274;112;stop;50;50;0;0;0;0
1751443907274;1751443907373;99;stop;0;50;0;0;0;0
1751443908439;1751443908583;144;stop;50;50;0;0;0;0
1751443908583;1751443908799;216;stop;50;0;0;0;0;0
1751443909650;1751443909758;108;stop;50;0;0;0;0;0
1751443909758;1751443909877;119;stop;50;50;0;0;0;0
1751443910101;1751443910243;142;stop;50;50;0;0;0;0
1751443910243;1751443910348;105;stop;50;0;0;0;0;0
1751443911252;1751443911359;107;stop;50;0;0;0;0;0
1751443912395;1751443912536;141;stop;50;50;0;0;0;0
1751443912536;1751443912635;99;stop;50;0;0;0;0;0
1751443913582;1751443913716;134;stop;50;0;0;0;0;0
1751443913716;1751443913831;115;stop;50;50;0;0;0;0
1751443914748;1751443914930;182;stop;50;0;0;0;0;0
1751443917721;1751443917909;188;stop;60;60;0;0;0;0
1751443917909;1751443918010;101;stop;60;0;0;0;0;0
1751443919522;1751443919706;184;stop;60;60;0;0;0;0
1751443923473;1751443923649;176;stop;60;0;0;0;0;0
1751443927561;1751443927698;137;stop;60;0;0;0;0;0
1751443928161;1751443928376;215;stop;60;0;0;0;0;0
1751443931417;1751443931628;211;stop;60;0;0;0;0;0
1751443934200;1751443934475;275;stop;60;60;0;0;0;0
1751443934946;1751443935106;160;stop;60;60;0;0;0;0
1751443935615;1751443935805;190;stop;60;60;0;0;0;0
1751443935948;1751443936189;241;stop;60;60;0;0;0;0
1751443936189;1751443936337;148;stop;60;0;0;0;0;0
1751443936337;1751443936479;142;stop;60;60;0;0;0;0
1751443936479;1751443936763;284;stop;60;0;0;0;0;0
1751443938428;1751443938651;223;stop;60;0;0;0;0;0
1751443942242;1751443942404;162;stop;60;60;0;0;0;0
1751443942404;1751443942586;182;stop;60;0;0;0;0;0
1751443943915;1751443944054;139;stop;60;60;0;0;0;0
1751443944454;1751443944555;101;stop;60;60;0;0;0;0
1751443944555;1751443944670;115;stop;0;60;0;0;0;0
1751443945292;1751443945405;113;stop;0;60;0;0;0;0
1751443946492;1751443946689;197;stop;60;60;0;0;0;0
1751443948788;1751443949007;219;stop;60;60;0;0;0;0
1751443950204;1751443950342;138;stop;60;60;0;0;0;0
1751443950843;1751443950996;153;stop;60;60;0;0;0;0
1751443951109;1751443951311;202;stop;60;60;0;0;0;0
1751443953091;1751443953342;251;stop;60;0;0;0;0;0
1751443956740;1751443956920;180;stop;60;60;0;0;0;0
1751443958841;1751443959004;163;stop;60;60;0;0;0;0
1751443959171;1751443959321;150;stop;60;60;0;0;0;0
1751443959321;1751443959553;232;stop;60;0;0;0;0;0
1751443960478;1751443960601;123;stop;60;0;0;0;0;0
1751443961172;1751443961295;123;stop;0;60;0;0;0;0
1751443963754;1751443964001;247;stop;0;60;0;0;0;0
1751443964453;1751443964568;115;stop;0;60;0;0;0;0
1751443965902;1751443966148;246;stop;60;60;0;0;0;0
1751443967509;1751443967624;115;stop;60;60;0;0;0;0
1751443967794;1751443968031;237;stop;60;60;0;0;0;0
1751443968031;1751443968313;282;stop;60;0;0;0;0;0
1751443968769;1751443968900;131;stop;60;0;0;0;0;0
1751443969838;1751443969939;101;stop;60;60;0;0;0;0
1751443969939;1751443970040;101;stop;60;0;0;0;0;0
1751443972587;1751443972808;221;stop;0;60;0;0;0;0
1751443973701;1751443973804;103;stop;60;0;0;0;0;0
1751443974628;1751443974878;250;stop;60;0;0;0;0;0
1751443975642;1751443975801;159;stop;60;0;0;0;0;0
1751443976292;1751443976422;130;stop;0;60;0;0;0;0
1751443979922;1751443980173;251;stop;60;60;0;0;0;0
1751443980173;1751443980374;201;stop;60;0;0;0;0;0
1751443981968;1751443982236;268;stop;60;60;0;0;0;0
1751443983298;1751443983578;280;stop;60;0;0;0;0;0
1751443986642;1751443986817;175;stop;60;0;0;0;0;0
1751443990712;1751443990962;250;stop;60;0;0;0;0;0
1751443991117;1751443991320;203;stop;60;0;0;0;0;0
1751443991466;1751443991674;208;stop;60;0;0;0;0;0
1751443991849;1751443992071;222;stop;60;0;0;0;0;0
1751443992238;1751443992474;236;stop;60;0;0;0;0;0
1751443992588;1751443992767;179;stop;60;0;0;0;0;0
1751443992927;1751443993117;190;stop;60;0;0;0;0;0
1751443993243;1751443993391;148;stop;60;0;0;0;0;0
1751443993560;1751443993713;153;stop;60;0;0;0;0;0
1751443993868;1751443994050;182;stop;60;0;0;0;0;0
1751443994192;1751443994365;173;stop;60;0;0;0;0;0
1751443994532;1751443994700;168;stop;60;0;0;0;0;0
1751443994854;1751443995140;286;stop;60;0;0;0;0;0
1751443995259;1751443995471;212;stop;60;0;0;0;0;0
1751443996559;1751443996747;188;stop;60;60;0;0;0;0
1751443996901;1751443997145;244;stop;60;60;0;0;0;0
1751443997279;1751443997437;158;stop;60;60;0;0;0;0
1751443997584;1751443997762;178;stop;60;60;0;0;0;0
1751443997890;1751443998100;210;stop;60;60;0;0;0;0
1751443998224;1751443998405;181;stop;60;60;0;0;0;0
1751443998536;1751443998763;227;stop;60;60;0;0;0;0
1751443998895;1751443999082;187;stop;60;60;0;0;0;0
1751443999223;1751443999441;218;stop;60;60;0;0;0;0
1751444000606;1751444000821;215;stop;60;0;0;0;0;0
1751444000937;1751444001149;212;stop;60;0;0;0;0;0
1751444001264;1751444001465;201;stop;60;0;0;0;0;0
1751444001630;1751444001776;146;stop;60;0;0;0;0;0
1751444001938;1751444002152;214;stop;60;0;0;0;0;0
1751444002295;1751444002468;173;stop;60;0;0;0;0;0
1751444002598;1751444002751;153;stop;60;0;0;0;0;0
1751444002888;1751444003055;167;stop;60;0;0;0;0;0
1751444003197;1751444003360;163;stop;60;0;0;0;0;0
1751444003529;1751444003659;130;stop;60;0;0;0;0;0
1751444003813;1751444003967;154;stop;60;0;0;0;0;0
1751444004110;1751444004265;155;stop;60;0;0;0;0;0
1751444004404;1751444004582;178;stop;60;0;0;0;0;0
1751444004728;1751444004872;144;stop;60;0;0;0;0;0
1751444005056;1751444005209;153;stop;60;0;0;0;0;0
1751444005373;1751444005545;172;stop;60;0;0;0;0;0
1751444005730;1751444005933;203;stop;60;0;0;0;0;0
1751444007644;1751444007921;277;stop;60;60;0;0;0;0
1751444008291;1751444008421;130;stop;60;60;0;0;0;0
1751444008421;1751444008572;151;stop;60;0;0;0;0;0
1751444009010;1751444009129;119;stop;60;0;0;0;0;0
1751444009129;1751444009286;157;stop;60;60;0;0;0;0
1751444009508;1751444009786;278;stop;60;60;0;0;0;0
1751444009786;1751444009971;185;stop;60;0;0;0;0;0
1751444011249;1751444011352;103;stop;60;60;0;0;0;0
1751444011352;1751444011460;108;stop;0;60;0;0;0;0
1751444012422;1751444012535;113;stop;0;60;0;0;0;0
1751444012535;1751444012787;252;stop;60;60;0;0;0;0
1751444013256;1751444013374;118;stop;60;60;0;0;0;0
1751444013374;1751444013472;98;stop;60;0;0;0;0;0
1751444014264;1751444014377;113;stop;60;0;0;0;0;0
1751444014377;1751444014491;114;stop;60;60;0;0;0;0
1751444015483;1751444015719;236;stop;60;0;0;0;0;0
1751444016783;1751444016990;207;stop;60;60;0;0;0;0
1751444017532;1751444017692;160;stop;60;60;0;0;0;0
1751444017692;1751444017837;145;stop;60;0;0;0;0;0
1751444019178;1751444019308;130;stop;60;0;0;0;0;0
1751444020635;1751444020747;112;stop;60;60;0;0;0;0
1751444020747;1751444020931;184;stop;60;0;0;0;0;0
1751444021661;1751444021795;134;stop;60;60;0;0;0;0
1751444023737;1751444023859;122;stop;60;60;0;0;0;0
1751444024121;1751444024247;126;stop;60;60;0;0;0;0
1751444024247;1751444024405;158;stop;60;0;0;0;0;0
1751444026575;1751444026704;129;stop;60;0;0;0;0;0
1751444027350;1751444027502;152;stop;0;60;0;0;0;0
1751444029374;1751444029574;200;stop;60;0;0;0;0;0
1751444031848;1751444031960;112;stop;60;60;0;0;0;0
1751444032219;1751444032403;184;stop;60;60;0;0;0;0
1751444032403;1751444032591;188;stop;60;0;0;0;0;0
1751444032980;1751444033103;123;stop;60;0;0;0;0;0
1751444034616;1751444034770;154;stop;60;0;0;0;0;0
1751444035693;1751444035924;231;stop;60;0;0;0;0;0
1751444036514;1751444036742;228;stop;0;60;0;0;0;0
1751444038450;1751444038644;194;stop;0;60;0;0;0;0
1751444039139;1751444039252;113;stop;0;60;0;0;0;0
1751444041490;1751444041632;142;stop;0;60;0;0;0;0
1751444041983;1751444042098;115;stop;0;60;0;0;0;0
1751444042999;1751444043191;192;stop;60;60;0;0;0;0
1751444043191;1751444043378;187;stop;60;0;0;0;0;0
1751444044432;1751444044583;151;stop;60;0;0;0;0;0
1751444045734;1751444045994;260;stop;60;60;0;0;0;0
1751444045994;1751444046238;244;stop;60;0;0;0;0;0
1751444046540;1751444046654;114;stop;60;0;0;0;0;0
1751444047608;1751444047890;282;stop;60;0;0;0;0;0
1751444049599;1751444049713;114;stop;60;60;0;0;0;0
1751444049907;1751444050059;152;stop;60;60;0;0;0;0
1751444050059;1751444050183;124;stop;60;0;0;0;0;0
1751444051763;1751444052010;247;stop;60;0;0;0;0;0
1751444053522;1751444053621;99;stop;60;60;0;0;0;0
1751444053621;1751444053803;182;stop;0;60;0;0;0;0
1751444056348;1751444056605;257;stop;60;0;0;0;0;0
1751444057323;1751444057453;130;stop;60;0;0;0;0;0
1751444057453;1751444057599;146;stop;60;60;0;0;0;0
1751444059498;1751444059617;119;stop;60;0;0;0;0;0
1751444060528;1751444060727;199;stop;0;60;0;0;0;0
1751444061668;1751444061812;144;stop;60;60;0;0;0;0
1751444061812;1751444061921;109;stop;60;0;0;0;0;0
1751444062316;1751444062434;118;stop;60;0;0;0;0;0
1751444063164;1751444063385;221;stop;60;0;0;0;0;0
1751444063521;1751444063632;111;stop;60;0;0;0;0;0
1751444065753;1751444065941;188;stop;60;0;0;0;0;0
1751444067214;1751444067498;284;stop;60;0;0;0;0;0
1751444067498;1751444067657;159;stop;60;60;0;0;0;0
1751444068036;1751444068219;183;stop;60;60;0;0;0;0
1751444068219;1751444068467;248;stop;60;0;0;0;0;0
1751444068773;1751444068903;130;stop;60;0;0;0;0;0
1751444068903;1751444069017;114;stop;60;60;0;0;0;0
1751444069281;1751444069424;143;stop;60;60;0;0;0;0
1751444069424;1751444069529;105;stop;60;0;0;0;0;0
1751444071022;1751444071132;110;stop;60;60;0;0;0;0
1751444071132;1751444071285;153;stop;0;60;0;0;0;0
1751444072374;1751444072563;189;stop;60;60;0;0;0;0
1751444072869;1751444072968;99;stop;60;60;0;0;0;0
1751444072968;1751444073093;125;stop;60;0;0;0;0;0
1751444077743;1751444077927;184;stop;60;60;0;0;0;0
1751444080141;1751444080266;125;stop;60;0;0;0;0;0
1751444080266;1751444080383;117;stop;60;60;0;0;0;0
1751444080383;1751444080665;282;stop;60;0;0;0;0;0
1751444081344;1751444081455;111;stop;60;0;0;0;0;0
1751444082270;1751444082514;244;stop;60;0;0;0;0;0
1751444082613;1751444082728;115;stop;60;0;0;0;0;0
1751444083913;1751444084099;186;stop;60;60;0;0;0;0
1751444084099;1751444084216;117;stop;60;0;0;0;0;0
1751444084914;1751444085026;112;stop;60;0;0;0;0;0
1751444086466;1751444086576;110;stop;60;0;0;0;0;0
1751444088196;1751444088336;140;stop;60;0;0;0;0;0
1751444089753;1751444089976;223;stop;60;60;0;0;0;0
1751444089976;1751444090271;295;stop;60;0;0;0;0;0
1751444090975;1751444091097;122;stop;60;60;0;0;0;0
1751444092475;1751444092739;264;stop;60;60;0;0;0;0
1751444092739;1751444092968;229;stop;60;0;0;0;0;0
1751444095177;1751444095293;116;stop;60;60;0;0;0;0
1751444095533;1751444095702;169;stop;60;60;0;0;0;0
1751444095702;1751444095990;288;stop;60;0;0;0;0;0
1751444096573;1751444096728;155;stop;60;0;0;0;0;0
1751444098645;1751444098845;200;stop;50;50;0;0;0;0
1751444100170;1751444100389;219;stop;0;30;0;0;0;0
1751444100913;1751444101019;106;stop;0;30;0;0;0;0
1751444101019;1751444101210;191;stop;30;30;0;0;0;0
1751444101210;1751444101346;136;stop;0;30;0;0;0;0
1751444102209;1751444102329;120;stop;0;30;0;0;0;0
1751444102935;1751444103108;173;stop;40;40;0;0;0;0
1751444103515;1751444103629;114;stop;0;50;0;0;0;0
1751444104106;1751444104218;112;stop;0;50;0;0;0;0
1751444105523;1751444105820;297;stop;50;50;0;0;0;0
1751444105820;1751444105930;110;stop;50;0;0;0;0;0
1751444106281;1751444106480;199;stop;60;60;0;0;0;0
1751444106480;1751444106714;234;stop;60;0;0;0;0;0
1751444107002;1751444107124;122;stop;60;0;0;0;0;0
1751444108984;1751444109184;200;stop;60;0;0;0;0;0
1751444109626;1751444109762;136;stop;60;0;0;0;0;0
1751444114401;1751444114526;125;stop;60;60;0;0;0;0
1751444115878;1751444115994;116;stop;60;0;0;0;0;0
1751444118432;1751444118637;205;stop;60;0;0;0;0;0
1751444119992;1751444120289;297;stop;60;60;0;0;0;0
1751444120575;1751444120797;222;stop;60;60;0;0;0;0
1751444120797;1751444120988;191;stop;0;60;0;0;0;0
1751444123643;1751444123939;296;stop;60;60;0;0;0;0
1751444123939;1751444124119;180;stop;60;0;0;0;0;0
1751444125222;1751444125348;126;stop;60;0;0;0;0;0
1751444126557;1751444126705;148;stop;60;60;0;0;0;0
1751444126705;1751444126812;107;stop;60;0;0;0;0;0
1751444127363;1751444127521;158;stop;60;0;0;0;0;0
1751444129236;1751444129535;299;stop;50;50;0;0;0;0
1751444131083;1751444131234;151;stop;50;50;0;0;0;0
1751444131345;1751444131515;170;stop;50;50;0;0;0;0
1751444131637;1751444131805;168;stop;50;50;0;0;0;0
1751444131914;1751444132121;207;stop;50;50;0;0;0;0
1751444132234;1751444132444;210;stop;50;50;0;0;0;0
1751444134274;1751444134466;192;stop;60;60;0;0;0;0
1751444136604;1751444136745;141;stop;60;0;0;0;0;0
1751444140139;1751444140265;126;stop;60;60;0;0;0;0
1751444140795;1751444141067;272;stop;60;60;0;0;0;0
1751444142961;1751444143096;135;stop;60;60;0;0;0;0
1751444143496;1751444143629;133;stop;60;60;0;0;0;0
1751444146114;1751444146292;178;stop;50;50;0;0;0;0
1751444151311;1751444151453;142;stop;60;0;0;0;0;0
1751444156292;1751444156566;274;stop;60;60;0;0;0;0
1751444157947;1751444158212;265;stop;60;0;0;0;0;0
1751444161156;1751444161436;280;stop;60;60;0;0;0;0
1751444161436;1751444161630;194;stop;60;0;0;0;0;0
1751444162053;1751444162288;235;stop;60;0;0;0;0;0
1751444163362;1751444163627;265;stop;60;0;0;0;0;0
1751444164418;1751444164539;121;stop;60;0;0;0;0;0
1751444165448;1751444165629;181;stop;60;60;0;0;0;0
1751444165629;1751444165844;215;stop;0;60;0;0;0;0
1751444166773;1751444166887;114;stop;0;60;0;0;0;0
1751444167764;1751444168019;255;stop;60;0;0;0;0;0
1751444168144;1751444168286;142;stop;60;0;0;0;0;0
1751444170281;1751444170474;193;stop;60;0;0;0;0;0
1751444170730;1751444170844;114;stop;60;0;0;0;0;0
1751444171573;1751444171730;157;stop;60;60;0;0;0;0
1751444171730;1751444171844;114;stop;60;0;0;0;0;0
1751444172589;1751444172703;114;stop;60;0;0;0;0;0
1751444173334;1751444173540;206;stop;60;0;0;0;0;0
1751444174783;1751444174902;119;stop;60;0;0;0;0;0
1751444176522;1751444176678;156;stop;60;0;0;0;0;0
1751444176974;1751444177087;113;stop;60;0;0;0;0;0
1751444177859;1751444177987;128;stop;60;60;0;0;0;0
1751444177987;1751444178137;150;stop;60;0;0;0;0;0
1751444179122;1751444179233;111;stop;60;0;0;0;0;0
1751444180366;1751444180559;193;stop;60;60;0;0;0;0
1751444180804;1751444180986;182;stop;60;60;0;0;0;0
1751444180986;1751444181191;205;stop;60;0;0;0;0;0
1751444181323;1751444181612;289;stop;60;0;0;0;0;0
1751444184396;1751444184677;281;stop;60;60;0;0;0;0
1751444184677;1751444184869;192;stop;60;0;0;0;0;0
1751444186470;1751444186749;279;stop;60;60;0;0;0;0
1751444187596;1751444187783;187;stop;60;0;0;0;0;0
1751444188942;1751444189061;119;stop;60;0;0;0;0;0
1751444190242;1751444190461;219;stop;60;60;0;0;0;0
1751444190461;1751444190674;213;stop;60;0;0;0;0;0
1751444191269;1751444191415;146;stop;60;60;0;0;0;0
1751444192183;1751444192362;179;stop;60;0;0;0;0;0
1751444194788;1751444195000;212;stop;60;60;0;0;0;0
1751444196321;1751444196482;161;stop;60;0;0;0;0;0
1751444199105;1751444199315;210;stop;60;60;0;0;0;0
1751444199315;1751444199508;193;stop;60;0;0;0;0;0
1751444200080;1751444200210;130;stop;60;0;0;0;0;0
1751444201083;1751444201339;256;stop;0;60;0;0;0;0
1751444202392;1751444202673;281;stop;0;60;0;0;0;0
1751444203327;1751444203440;113;stop;0;60;0;0;0;0
1751444205352;1751444205511;159;stop;60;0;0;0;0;0
1751444206648;1751444206775;127;stop;60;0;0;0;0;0
1751444208822;1751444208977;155;stop;60;0;0;0;0;0
1751444210135;1751444210249;114;stop;60;0;0;0;0;0
1751444211304;1751444211483;179;stop;60;60;0;0;0;0
1751444212131;1751444212369;238;stop;60;0;0;0;0;0
1751444213133;1751444213244;111;stop;60;60;0;0;0;0
1751444213876;1751444214041;165;stop;60;60;0;0;0;0
1751444214041;1751444214273;232;stop;60;0;0;0;0;0
1751444216333;1751444216501;168;stop;60;0;0;0;0;0
1751444217347;1751444217473;126;stop;60;0;0;0;0;0
1751444217473;1751444217581;108;stop;60;60;0;0;0;0
1751444218928;1751444219130;202;stop;60;60;0;0;0;0
1751444219622;1751444219827;205;stop;60;60;0;0;0;0
1751444219827;1751444219969;142;stop;60;0;0;0;0;0
1751444220803;1751444220918;115;stop;60;60;0;0;0;0
1751444221167;1751444221339;172;stop;60;60;0;0;0;0
1751444222609;1751444222722;113;stop;60;60;0;0;0;0
1751444222841;1751444222947;106;stop;60;60;0;0;0;0
1751444222947;1751444223056;109;stop;60;0;0;0;0;0
1751444223791;1751444223905;114;stop;60;0;0;0;0;0
1751444224953;1751444225109;156;stop;60;60;0;0;0;0
1751444225109;1751444225218;109;stop;60;0;0;0;0;0
1751444226673;1751444226917;244;stop;60;60;0;0;0;0
1751444227177;1751444227422;245;stop;60;60;0;0;0;0
1751444227422;1751444227617;195;stop;0;60;0;0;0;0
1751444228167;1751444228298;131;stop;0;60;0;0;0;0
1751444229503;1751444229701;198;stop;60;60;0;0;0;0
1751444229701;1751444229832;131;stop;60;0;0;0;0;0
1751444230764;1751444230883;119;stop;60;0;0;0;0;0
1751444232604;1751444232704;100;stop;60;0;0;0;0;0
1751444234630;1751444234841;211;stop;60;60;0;0;0;0
1751444236190;1751444236398;208;stop;60;0;0;0;0;0
1751444237347;1751444237488;141;stop;60;60;0;0;0;0
1751444237732;1751444237878;146;stop;60;60;0;0;0;0
1751444239566;1751444239822;256;stop;60;60;0;0;0;0
1751444240214;1751444240342;128;stop;60;60;0;0;0;0
1751444240342;1751444240530;188;stop;60;0;0;0;0;0
1751444241069;1751444241186;117;stop;60;0;0;0;0;0
1751444241695;1751444241853;158;stop;0;60;0;0;0;0
1751444241853;1751444242117;264;stop;60;60;0;0;0;0
1751444242378;1751444242642;264;stop;60;60;0;0;0;0
1751444242642;1751444242822;180;stop;0;60;0;0;0;0
1751444243144;1751444243257;113;stop;0;60;0;0;0;0
1751444243951;1751444244123;172;stop;0;60;0;0;0;0
1751444244337;1751444244449;112;stop;0;60;0;0;0;0
1751444245631;1751444245872;241;stop;60;60;0;0;0;0
1751444246297;1751444246465;168;stop;60;60;0;0;0;0
1751444247275;1751444247402;127;stop;60;0;0;0;0;0
1751444248140;1751444248254;114;stop;60;0;0;0;0;0
1751444248917;1751444249045;128;stop;60;60;0;0;0;0
1751444249045;1751444249299;254;stop;60;0;0;0;0;0
1751444251183;1751444251390;207;stop;60;60;0;0;0;0
1751444251708;1751444251934;226;stop;60;60;0;0;0;0
1751444251934;1751444252064;130;stop;60;0;0;0;0;0
1751444252724;1751444252840;116;stop;60;0;0;0;0;0
1751444253515;1751444253656;141;stop;60;60;0;0;0;0
1751444253656;1751444253827;171;stop;0;60;0;0;0;0
1751444254511;1751444254633;122;stop;0;60;0;0;0;0
1751444256559;1751444256772;213;stop;60;60;0;0;0;0
1751444256772;1751444256879;107;stop;60;0;0;0;0;0
1751444257959;1751444258120;161;stop;60;0;0;0;0;0
1751444259587;1751444259803;216;stop;60;0;0;0;0;0
1751444261312;1751444261568;256;stop;60;0;0;0;0;0
1751444262985;1751444263199;214;stop;60;0;0;0;0;0
1751444263403;1751444263638;235;stop;60;0;0;0;0;0
1751444265103;1751444265231;128;stop;60;0;0;0;0;0
1751444266575;1751444266707;132;stop;60;0;0;0;0;0
1751444269729;1751444269933;204;stop;60;0;0;0;0;0
1751444271110;1751444271281;171;stop;60;0;0;0;0;0
1751444272095;1751444272320;225;stop;60;0;0;0;0;0
1751444273147;1751444273294;147;stop;60;60;0;0;0;0
1751444273294;1751444273487;193;stop;0;60;0;0;0;0
1751444274219;1751444274358;139;stop;0;60;0;0;0;0
1751444275921;1751444276205;284;stop;60;0;0;0;0;0
1751444278343;1751444278622;279;stop;60;0;0;0;0;0
1751444279920;1751444280047;127;stop;60;0;0;0;0;0
1751444281384;1751444281514;130;stop;60;0;0;0;0;0
1751444283955;1751444284213;258;stop;60;0;0;0;0;0
1751444285342;1751444285613;271;stop;60;0;0;0;0;0
1751444287103;1751444287328;225;stop;60;0;0;0;0;0
1751444288732;1751444288932;200;stop;60;60;0;0;0;0
1751444289720;1751444289832;112;stop;60;0;0;0;0;0
1751444289832;1751444290120;288;stop;60;60;0;0;0;0
1751444290362;1751444290571;209;stop;60;60;0;0;0;0
1751444290571;1751444290670;99;stop;60;0;0;0;0;0
1751444292466;1751444292671;205;stop;60;60;0;0;0;0
1751444292999;1751444293126;127;stop;60;60;0;0;0;0
1751444293126;1751444293250;124;stop;60;0;0;0;0;0
1751444293951;1751444294066;115;stop;60;0;0;0;0;0
1751444294066;1751444294321;255;stop;60;60;0;0;0;0
1751444294613;1751444294736;123;stop;60;60;0;0;0;0
1751444294736;1751444294835;99;stop;0;60;0;0;0;0
1751444295682;1751444295794;112;stop;0;60;0;0;0;0
1751444296808;1751444296976;168;stop;60;60;0;0;0;0
1751444300447;1751444300726;279;stop;60;60;0;0;0;0
1751444304228;1751444304379;151;stop;60;60;0;0;0;0
1751444304938;1751444305213;275;stop;60;0;0;0;0;0
1751444305371;1751444305517;146;stop;60;0;0;0;0;0
1751444307734;1751444307948;214;stop;60;0;0;0;0;0
1751444308896;1751444309026;130;stop;60;60;0;0;0;0
1751444309444;1751444309702;258;stop;60;60;0;0;0;0
1751444309702;1751444309891;189;stop;60;0;0;0;0;0
1751444313936;1751444314080;144;stop;60;0;0;0;0;0
1751444317531;1751444317739;208;stop;60;0;0;0;0;0
1751444320266;1751444320440;174;stop;0;60;0;0;0;0
1751444321251;1751444321509;258;stop;0;60;0;0;0;0
1751444321845;1751444321981;136;stop;0;60;0;0;0;0
1751444322922;1751444323097;175;stop;60;60;0;0;0;0
1751444323097;1751444323274;177;stop;0;60;0;0;0;0
1751444323791;1751444323920;129;stop;0;60;0;0;0;0
1751444323920;1751444324113;193;stop;60;60;0;0;0;0
1751444324547;1751444324737;190;stop;60;60;0;0;0;0
1751444324737;1751444324843;106;stop;60;0;0;0;0;0
1751444326093;1751444326213;120;stop;60;0;0;0;0;0
1751444326213;1751444326361;148;stop;60;60;0;0;0;0
1751444327487;1751444327669;182;stop;60;0;0;0;0;0
1751444327669;1751444327909;240;stop;60;60;0;0;0;0
1751444328330;1751444328618;288;stop;60;60;0;0;0;0
1751444328618;1751444328718;100;stop;60;0;0;0;0;0
1751444330949;1751444331095;146;stop;0;60;0;0;0;0
1751444331393;1751444331506;113;stop;0;60;0;0;0;0
1751444333039;1751444333177;138;stop;60;60;0;0;0;0
1751444333177;1751444333421;244;stop;60;0;0;0;0;0
1751444334654;1751444334796;142;stop;60;0;0;0;0;0
1751444334796;1751444335010;214;stop;60;60;0;0;0;0
1751444335293;1751444335488;195;stop;60;60;0;0;0;0
1751444337745;1751444337859;114;stop;0;60;0;0;0;0
1751444337859;1751444337974;115;stop;60;60;0;0;0;0
1751444337974;1751444338122;148;stop;60;0;0;0;0;0
1751444338550;1751444338849;299;stop;60;60;0;0;0;0
1751444341283;1751444341403;120;stop;0;60;0;0;0;0
1751444341897;1751444342011;114;stop;0;60;0;0;0;0
1751444345647;1751444345902;255;stop;60;60;0;0;0;0
1751444346150;1751444346433;283;stop;60;60;0;0;0;0
1751444346433;1751444346535;102;stop;60;0;0;0;0;0
1751444349808;1751444350052;244;stop;0;60;0;0;0;0
1751444350266;1751444350388;122;stop;0;60;0;0;0;0
1751444351683;1751444351785;102;stop;60;0;0;0;0;0
1751444352361;1751444352486;125;stop;60;0;0;0;0;0
1751444353414;1751444353530;116;stop;60;60;0;0;0;0
1751444353530;1751444353727;197;stop;0;60;0;0;0;0
1751444355480;1751444355733;253;stop;60;60;0;0;0;0
1751444355733;1751444355863;130;stop;60;0;0;0;0;0
1751444356827;1751444357047;220;stop;60;0;0;0;0;0
1751444357047;1751444357148;101;stop;60;60;0;0;0;0
1751444357148;1751444357263;115;stop;60;0;0;0;0;0
1751444359098;1751444359301;203;stop;60;0;0;0;0;0
1751444360723;1751444360836;113;stop;60;0;0;0;0;0
1751444361233;1751444361418;185;stop;60;0;0;0;0;0
1751444362780;1751444362944;164;stop;60;60;0;0;0;0
1751444362944;1751444363152;208;stop;0;60;0;0;0;0
1751444363386;1751444363501;115;stop;0;60;0;0;0;0
1751444364743;1751444365031;288;stop;60;60;0;0;0;0
1751444365031;1751444365153;122;stop;60;0;0;0;0;0
1751444366669;1751444366781;112;stop;60;0;0;0;0;0
1751444367501;1751444367729;228;stop;0;60;0;0;0;0
1751444367879;1751444367992;113;stop;0;60;0;0;0;0
1751444368515;1751444368618;103;stop;0;60;0;0;0;0
1751444368835;1751444368949;114;stop;0;60;0;0;0;0
1751444371019;1751444371192;173;stop;60;0;0;0;0;0
1751444372323;1751444372478;155;stop;60;0;0;0;0;0
1751444373433;1751444373567;134;stop;60;0;0;0;0;0
1751444375540;1751444375639;99;stop;60;0;0;0;0;0
1751444376466;1751444376583;117;stop;60;0;0;0;0;0
1751444377492;1751444377692;200;stop;0;60;0;0;0;0
1751444377971;1751444378087;116;stop;0;60;0;0;0;0
1751444379710;1751444379971;261;stop;0;60;0;0;0;0
1751444380200;1751444380320;120;stop;0;60;0;0;0;0
1751444382247;1751444382371;124;stop;0;60;0;0;0;0
1751444384842;1751444384960;118;stop;60;0;0;0;0;0
1751444389590;1751444389767;177;stop;60;0;0;0;0;0
1751444391240;1751444391356;116;stop;60;0;0;0;0;0
1751444394230;1751444394352;122;stop;60;0;0;0;0;0
1751444396589;1751444396743;154;stop;60;0;0;0;0;0
1751444397643;1751444397762;119;stop;60;0;0;0;0;0
1751444398388;1751444398621;233;stop;60;0;0;0;0;0
1751444398903;1751444399054;151;stop;60;0;0;0;0;0
1751444400704;1751444400860;156;stop;60;0;0;0;0;0
1751444401354;1751444401467;113;stop;60;0;0;0;0;0
1751444402304;1751444402499;195;stop;0;60;0;0;0;0
1751444402714;1751444402826;112;stop;0;60;0;0;0;0
1751444404486;1751444404759;273;stop;60;60;0;0;0;0
1751444404759;1751444404965;206;stop;60;0;0;0;0;0
1751444405698;1751444405814;116;stop;60;0;0;0;0;0
1751444406870;1751444407126;256;stop;60;0;0;0;0;0
1751444407259;1751444407379;120;stop;60;0;0;0;0;0
1751444409846;1751444410017;171;stop;60;0;0;0;0;0
1751444411880;1751444412104;224;stop;60;60;0;0;0;0
1751444412850;1751444413114;264;stop;60;0;0;0;0;0
1751444413703;1751444413825;122;stop;60;0;0;0;0;0
1751444414643;1751444414804;161;stop;60;60;0;0;0;0
1751444414804;1751444414970;166;stop;0;60;0;0;0;0
1751444415812;1751444415963;151;stop;0;60;0;0;0;0
1751444418339;1751444418582;243;stop;60;60;0;0;0;0
1751444424399;1751444424514;115;stop;60;0;0;0;0;0
1751444427339;1751444427538;199;stop;60;0;0;0;0;0
1751444428739;1751444428914;175;stop;60;0;0;0;0;0
1751444430110;1751444430234;124;stop;60;0;0;0;0;0
1751444433458;1751444433706;248;stop;60;60;0;0;0;0
1751444433940;1751444434217;277;stop;60;60;0;0;0;0
1751444434217;1751444434461;244;stop;60;0;0;0;0;0
1751444435577;1751444435699;122;stop;60;0;0;0;0;0
1751444437047;1751444437179;132;stop;0;60;0;0;0;0
1751444437900;1751444438069;169;stop;60;60;0;0;0;0
1751444438069;1751444438197;128;stop;60;0;0;0;0;0
1751444438956;1751444439073;117;stop;60;0;0;0;0;0
1751444439801;1751444439928;127;stop;0;60;0;0;0;0
1751444440456;1751444440671;215;stop;60;60;0;0;0;0
1751444440671;1751444440871;200;stop;0;60;0;0;0;0
1751444442706;1751444442969;263;stop;60;60;0;0;0;0
1751444445459;1751444445670;211;stop;60;0;0;0;0;0
1751444446731;1751444446917;186;stop;60;0;0;0;0;0
1751444447349;1751444447526;177;stop;60;0;0;0;0;0
1751444448658;1751444448829;171;stop;60;0;0;0;0;0
1751444450085;1751444450217;132;stop;60;0;0;0;0;0
1751444452085;1751444452344;259;stop;60;0;0;0;0;0
1751444452990;1751444453196;206;stop;60;60;0;0;0;0
1751444455338;1751444455620;282;stop;60;0;0;0;0;0
1751444456887;1751444457004;117;stop;60;0;0;0;0;0
1751444459257;1751444459425;168;stop;60;0;0;0;0;0
1751444461777;1751444461954;177;stop;60;60;0;0;0;0
1751444461954;1751444462168;214;stop;60;0;0;0;0;0
1751444462353;1751444462471;118;stop;60;0;0;0;0;0
1751444463251;1751444463483;232;stop;60;0;0;0;0;0
1751444464201;1751444464447;246;stop;60;60;0;0;0;0
1751444464661;1751444464779;118;stop;60;60;0;0;0;0
1751444464779;1751444464895;116;stop;60;0;0;0;0;0
1751444465544;1751444465657;113;stop;60;0;0;0;0;0
1751444467517;1751444467631;114;stop;0;60;0;0;0;0
1751444468411;1751444468541;130;stop;0;60;0;0;0;0
1751444468737;1751444468882;145;stop;0;60;0;0;0;0
1751444470419;1751444470583;164;stop;60;0;0;0;0;0
1751444471062;1751444471177;115;stop;60;0;0;0;0;0
1751444471866;1751444472112;246;stop;60;60;0;0;0;0
1751444472112;1751444472310;198;stop;60;0;0;0;0;0
1751444472907;1751444473060;153;stop;60;0;0;0;0;0
1751444474873;1751444475055;182;stop;60;0;0;0;0;0
1751444477856;1751444478123;267;stop;60;60;0;0;0;0
1751444479224;1751444479368;144;stop;60;60;0;0;0;0
1751444480391;1751444480565;174;stop;60;0;0;0;0;0
1751444481424;1751444481543;119;stop;60;0;0;0;0;0
1751444482347;1751444482593;246;stop;60;60;0;0;0;0
1751444482593;1751444482714;121;stop;60;0;0;0;0;0
1751444483166;1751444483297;131;stop;60;0;0;0;0;0
1751444484580;1751444484772;192;stop;60;60;0;0;0;0
1751444484772;1751444484979;207;stop;60;0;0;0;0;0
1751444485673;1751444485917;244;stop;60;60;0;0;0;0
1751444486316;1751444486542;226;stop;60;60;0;0;0;0
1751444486542;1751444486671;129;stop;60;0;0;0;0;0
1751444487741;1751444487857;116;stop;60;0;0;0;0;0
1751444487857;1751444487965;108;stop;60;60;0;0;0;0
1751444488763;1751444489023;260;stop;60;0;0;0;0;0
1751444489960;1751444490228;268;stop;60;60;0;0;0;0
1751444490228;1751444490327;99;stop;60;0;0;0;0;0
1751444491250;1751444491364;114;stop;60;0;0;0;0;0
1751444492064;1751444492162;98;stop;60;60;0;0;0;0
1751444492162;1751444492446;284;stop;0;60;0;0;0;0
1751444493693;1751444493836;143;stop;0;60;0;0;0;0
1751444494129;1751444494252;123;stop;0;60;0;0;0;0
1751444495527;1751444495679;152;stop;60;0;0;0;0;0
1751444495817;1751444495933;116;stop;60;0;0;0;0;0
1751444496323;1751444496509;186;stop;60;0;0;0;0;0
1751444497387;1751444497500;113;stop;60;60;0;0;0;0
1751444497740;1751444497979;239;stop;60;60;0;0;0;0
1751444497979;1751444498152;173;stop;60;0;0;0;0;0
1751444500908;1751444501076;168;stop;60;60;0;0;0;0
1751444501709;1751444501837;128;stop;60;0;0;0;0;0
1751444503554;1751444503699;145;stop;60;0;0;0;0;0
1751444503699;1751444503863;164;stop;60;60;0;0;0;0
1751444504410;1751444504588;178;stop;60;0;0;0;0;0
1751444505041;1751444505156;115;stop;60;0;0;0;0;0
1751444505156;1751444505317;161;stop;60;60;0;0;0;0
1751444505518;1751444505619;101;stop;60;60;0;0;0;0
1751444505619;1751444505721;102;stop;60;0;0;0;0;0
1751444506271;1751444506393;122;stop;60;0;0;0;0;0
1751444507890;1751444508075;185;stop;60;0;0;0;0;0
1751444510132;1751444510254;122;stop;60;60;0;0;0;0
1751444510254;1751444510520;266;stop;60;0;0;0;0;0
1751444513618;1751444513839;221;stop;60;60;0;0;0;0
1751444513839;1751444513981;142;stop;60;0;0;0;0;0
1751444514945;1751444515065;120;stop;60;0;0;0;0;0
1751444516389;1751444516666;277;stop;60;60;0;0;0;0
1751444516666;1751444516951;285;stop;60;0;0;0;0;0
1751444517538;1751444517784;246;stop;60;60;0;0;0;0
1751444518005;1751444518205;200;stop;60;60;0;0;0;0
1751444518205;1751444518364;159;stop;60;0;0;0;0;0
1751444520035;1751444520238;203;stop;60;60;0;0;0;0
1751444520697;1751444520860;163;stop;60;60;0;0;0;0
1751444520860;1751444520959;99;stop;60;0;0;0;0;0
1751444521718;1751444521828;110;stop;60;0;0;0;0;0
1751444522415;1751444522528;113;stop;60;60;0;0;0;0
1751444522528;1751444522714;186;stop;0;60;0;0;0;0
1751444523551;1751444523667;116;stop;0;60;0;0;0;0
1751444523667;1751444523898;231;stop;60;60;0;0;0;0
1751444524329;1751444524476;147;stop;60;60;0;0;0;0
1751444524476;1751444524596;120;stop;60;0;0;0;0;0
1751444526006;1751444526121;115;stop;60;0;0;0;0;0
1751444527500;1751444527635;135;stop;60;0;0;0;0;0
1751444529051;1751444529176;125;stop;60;0;0;0;0;0
1751444529684;1751444529803;119;stop;0;60;0;0;0;0
1751444530122;1751444530236;114;stop;0;60;0;0;0;0
1751444531505;1751444531666;161;stop;60;60;0;0;0;0
1751444531666;1751444531835;169;stop;60;0;0;0;0;0
1751444532658;1751444532789;131;stop;60;60;0;0;0;0
1751444533495;1751444533695;200;stop;60;60;0;0;0;0
1751444533695;1751444533798;103;stop;60;0;0;0;0;0
1751444534373;1751444534490;117;stop;60;0;0;0;0;0
1751444534490;1751444534603;113;stop;60;60;0;0;0;0
1751444535021;1751444535318;297;stop;60;60;0;0;0;0
1751444535318;1751444535582;264;stop;60;0;0;0;0;0
1751444536827;1751444536939;112;stop;60;60;0;0;0;0
1751444538665;1751444538936;271;stop;60;60;0;0;0;0
1751444539434;1751444539565;131;stop;60;60;0;0;0;0
1751444539565;1751444539773;208;stop;60;0;0;0;0;0
1751444542734;1751444542990;256;stop;60;60;0;0;0;0
1751444543341;1751444543451;110;stop;60;60;0;0;0;0
1751444543451;1751444543563;112;stop;60;0;0;0;0;0
1751444544521;1751444544632;111;stop;60;0;0;0;0;0
1751444544632;1751444544874;242;stop;60;60;0;0;0;0
1751444545688;1751444545799;111;stop;0;60;0;0;0;0
1751444545799;1751444545922;123;stop;60;60;0;0;0;0
1751444546169;1751444546320;151;stop;60;60;0;0;0;0
1751444546320;1751444546433;113;stop;0;60;0;0;0;0
1751444547083;1751444547206;123;stop;0;60;0;0;0;0
1751444547672;1751444547830;158;stop;60;0;0;0;0;0
1751444549085;1751444549210;125;stop;60;60;0;0;0;0
1751444549210;1751444549317;107;stop;60;0;0;0;0;0
1751444552377;1751444552494;117;stop;60;60;0;0;0;0
1751444552808;1751444553019;211;stop;60;60;0;0;0;0
1751444553019;1751444553267;248;stop;60;0;0;0;0;0
1751444553765;1751444553904;139;stop;60;0;0;0;0;0
1751444553904;1751444554024;120;stop;60;60;0;0;0;0
1751444554247;1751444554369;122;stop;60;60;0;0;0;0
1751444554369;1751444554518;149;stop;60;0;0;0;0;0
1751444555068;1751444555184;116;stop;60;0;0;0;0;0
1751444555768;1751444556055;287;stop;60;0;0;0;0;0
1751444556181;1751444556421;240;stop;60;0;0;0;0;0
1751444559530;1751444559633;103;stop;60;0;0;0;0;0
1751444560178;1751444560324;146;stop;60;0;0;0;0;0
1751444560951;1751444561081;130;stop;0;60;0;0;0;0
1751444561360;1751444561473;113;stop;0;60;0;0;0;0
1751444563242;1751444563343;101;stop;60;0;0;0;0;0
1751444565799;1751444566048;249;stop;60;60;0;0;0;0
1751444566782;1751444566926;144;stop;60;60;0;0;0;0
1751444567761;1751444567944;183;stop;60;0;0;0;0;0
1751444568506;1751444568666;160;stop;60;60;0;0;0;0
1751444568666;1751444568820;154;stop;60;0;0;0;0;0
1751444570973;1751444571099;126;stop;60;60;0;0;0;0
1751444571448;1751444571568;120;stop;60;60;0;0;0;0
1751444571568;1751444571756;188;stop;60;0;0;0;0;0
1751444572389;1751444572501;112;stop;60;0;0;0;0;0
1751444572501;1751444572634;133;stop;60;60;0;0;0;0
1751444573125;1751444573227;102;stop;0;60;0;0;0;0
1751444573345;1751444573461;116;stop;0;60;0;0;0;0
1751444573461;1751444573586;125;stop;60;60;0;0;0;0
1751444573775;1751444574069;294;stop;60;60;0;0;0;0
1751444574069;1751444574173;104;stop;0;60;0;0;0;0
1751444575200;1751444575317;117;stop;0;60;0;0;0;0
1751444575317;1751444575612;295;stop;60;60;0;0;0;0
1751444575868;1751444575969;101;stop;60;60;0;0;0;0
1751444575969;1751444576117;148;stop;60;0;0;0;0;0
1751444577704;1751444577840;136;stop;60;0;0;0;0;0
1751444579368;1751444579611;243;stop;0;60;0;0;0;0
1751444579961;1751444580074;113;stop;0;60;0;0;0;0
1751444581583;1751444581786;203;stop;60;0;0;0;0;0
1751444583663;1751444583804;141;stop;60;0;0;0;0;0
1751444583804;1751444583919;115;stop;60;60;0;0;0;0
1751444584113;1751444584258;145;stop;60;60;0;0;0;0
1751444584258;1751444584522;264;stop;60;0;0;0;0;0
1751444585727;1751444585838;111;stop;60;0;0;0;0;0
1751444588407;1751444588606;199;stop;0;60;0;0;0;0
1751444589305;1751444589417;112;stop;0;60;0;0;0;0
1751444593909;1751444594043;134;stop;60;60;0;0;0;0
1751444594234;1751444594516;282;stop;60;60;0;0;0;0
1751444594516;1751444594755;239;stop;60;0;0;0;0;0
1751444597145;1751444597257;112;stop;60;60;0;0;0;0
1751444597436;1751444597605;169;stop;60;60;0;0;0;0
1751444598540;1751444598651;111;stop;60;0;0;0;0;0
1751444599847;1751444599985;138;stop;0;60;0;0;0;0
1751444600191;1751444600306;115;stop;0;60;0;0;0;0
1751444602417;1751444602622;205;stop;60;60;0;0;0;0
1751444602622;1751444602855;233;stop;60;0;0;0;0;0
1751444603967;1751444604122;155;stop;60;0;0;0;0;0
1751444605529;1751444605630;101;stop;60;0;0;0;0;0
1751444607269;1751444607371;102;stop;60;60;0;0;0;0
1751444607371;1751444607554;183;stop;0;60;0;0;0;0
1751444608111;1751444608237;126;stop;0;60;0;0;0;0
1751444609435;1751444609610;175;stop;60;60;0;0;0;0
1751444609610;1751444609794;184;stop;60;0;0;0;0;0
1751444611040;1751444611221;181;stop;60;60;0;0;0;0
1751444611645;1751444611793;148;stop;60;60;0;0;0;0
1751444611793;1751444612045;252;stop;60;0;0;0;0;0
1751444613347;1751444613473;126;stop;60;60;0;0;0;0
1751444613641;1751444613798;157;stop;60;60;0;0;0;0
1751444613798;1751444613917;119;stop;60;0;0;0;0;0
1751444614609;1751444614726;117;stop;60;0;0;0;0;0
1751444620799;1751444621016;217;stop;60;60;0;0;0;0
1751444622223;1751444622446;223;stop;60;60;0;0;0;0
1751444624204;1751444624444;240;stop;60;60;0;0;0;0
1751444627101;1751444627345;244;stop;60;60;0;0;0;0
1751444627345;1751444627634;289;stop;60;0;0;0;0;0
1751444627869;1751444628120;251;stop;60;0;0;0;0;0
1751444629583;1751444629714;131;stop;60;0;0;0;0;0
1751444630915;1751444631048;133;stop;60;0;0;0;0;0
1751444632955;1751444633179;224;stop;60;0;0;0;0;0
1751444633913;1751444634068;155;stop;60;0;0;0;0;0
1751444635540;1751444635757;217;stop;60;60;0;0;0;0
1751444636763;1751444636875;112;stop;0;60;0;0;0;0
1751444638703;1751444638885;182;stop;60;0;0;0;0;0
1751444640332;1751444640458;126;stop;60;60;0;0;0;0
1751444640667;1751444640828;161;stop;60;60;0;0;0;0
1751444640828;1751444641034;206;stop;60;0;0;0;0;0
1751444642453;1751444642578;125;stop;60;60;0;0;0;0
1751444642920;1751444643078;158;stop;60;60;0;0;0;0
1751444643078;1751444643293;215;stop;60;0;0;0;0;0
1751444644656;1751444644777;121;stop;60;0;0;0;0;0
1751444649136;1751444649405;269;stop;60;0;0;0;0;0
1751444650433;1751444650605;172;stop;60;60;0;0;0;0
1751444651002;1751444651167;165;stop;60;60;0;0;0;0
1751444651840;1751444651954;114;stop;60;0;0;0;0;0
1751444651954;1751444652251;297;stop;60;60;0;0;0;0
1751444653022;1751444653200;178;stop;60;0;0;0;0;0
1751444653627;1751444653744;117;stop;60;0;0;0;0;0
1751444654496;1751444654598;102;stop;60;60;0;0;0;0
1751444654598;1751444654810;212;stop;60;0;0;0;0;0
1751444655441;1751444655616;175;stop;60;0;0;0;0;0
1751444656374;1751444656618;244;stop;0;60;0;0;0;0
1751444656831;1751444656957;126;stop;0;60;0;0;0;0
